borrower_id,sector,region,registration_date,business_age_months,monthly_revenue_kes,num_employees,gender_of_owner,bureau_score
BOR100000,Retail & Trade,Rural - Other,2019-11-18,95,80000.0,8,Male,668
BOR100001,Transport & Logistics,Nairobi,2020-03-18,48,388800.0,10,Male,580
BOR100002,Services,Rural - Other,2017-03-04,33,33900.0,12,Female,555
BOR100003,Manufacturing,Nairobi,2021-05-03,30,68100.0,1,Male,582
BOR100004,Manufacturing,Rural - Other,2023-09-15,142,257500.0,18,Male,486
BOR100005,Construction,Rural - Other,2018-02-13,17,168400.0,3,Female,636
BOR100006,Retail & Trade,Rural - Other,2026-04-11,116,44900.0,12,Male,439
BOR100007,Transport & Logistics,Eldoret,2022-02-22,125,85500.0,16,Female,560
BOR100008,Agriculture,Rural - Other,2024-01-08,7,73200.0,2,Male,668
BOR100009,Retail & Trade,Nairobi,2015-10-26,86,89100.0,24,Female,627
BOR100010,Services,Nairobi,2023-12-15,84,44800.0,10,Male,653
BOR100011,Construction,Nairobi,2018-12-05,53,68700.0,1,Male,594
BOR100012,Transport & Logistics,Kisumu,2023-04-14,97,23900.0,16,Female,705
BOR100013,Transport & Logistics,Eldoret,2024-05-20,61,80400.0,14,Male,683
BOR100014,Transport & Logistics,Nakuru,2017-12-02,65,100200.0,16,Female,640
BOR100015,Transport & Logistics,Rural - Other,2018-01-09,64,62400.0,19,Male,683
BOR100016,Services,Nairobi,2015-09-11,116,23600.0,12,Male,668
BOR100017,Retail & Trade,Eldoret,2022-01-22,92,146100.0,20,Female,560
BOR100018,Construction,Nairobi,2024-01-12,56,94400.0,9,Female,479
BOR100019,Manufacturing,Nairobi,2019-10-14,134,44000.0,14,Male,638
BOR100020,Services,Eldoret,2016-11-16,116,60100.0,4,Female,649
BOR100021,Manufacturing,Rural - Other,2018-09-10,135,25600.0,15,Male,698
BOR100022,Agriculture,Nakuru,2019-09-13,106,35700.0,7,Male,516
BOR100023,Construction,Nairobi,2025-09-08,58,50200.0,17,Male,518
BOR100024,Transport & Logistics,Nakuru,2016-06-12,112,172800.0,20,Female,641
BOR100025,Services,Nairobi,2019-01-02,49,46700.0,21,Male,594
BOR100026,Manufacturing,Rural - Other,2022-06-11,41,114500.0,23,Male,430
BOR100027,Transport & Logistics,Eldoret,2017-10-05,67,50200.0,3,Female,634
BOR100028,Services,Nairobi,2025-04-27,140,87000.0,4,Female,433
BOR100029,Manufacturing,Nairobi,2025-08-10,83,66200.0,23,Female,515
BOR100030,Manufacturing,Nairobi,2019-06-08,57,134700.0,10,Female,722
BOR100031,Agriculture,Rural - Other,2023-09-14,68,50300.0,1,Male,764
BOR100032,Retail & Trade,Kisumu,2023-10-26,44,24300.0,7,Female,491
BOR100033,Services,Rural - Other,2022-12-15,96,27800.0,21,Male,570
BOR100034,Construction,Nakuru,2017-03-05,52,50400.0,9,Female,604
BOR100035,Retail & Trade,Nakuru,2015-07-31,81,30500.0,2,Female,760
BOR100036,Construction,Nairobi,2019-01-19,55,97500.0,18,Female,556
BOR100037,Transport & Logistics,Rural - Other,2016-07-13,48,52800.0,5,Male,557
BOR100038,Agriculture,Mombasa,2018-05-30,140,385500.0,9,Male,739
BOR100039,Services,Nakuru,2022-06-12,52,21700.0,1,Female,566
BOR100040,Retail & Trade,Eldoret,2021-11-13,13,84300.0,15,Male,665
BOR100041,Transport & Logistics,Nakuru,2017-06-11,56,33200.0,11,Female,467
BOR100042,Transport & Logistics,Rural - Other,2015-03-17,78,51800.0,21,Female,585
BOR100043,Manufacturing,Nairobi,2017-08-19,16,80700.0,9,Female,451
BOR100044,Retail & Trade,Kisumu,2020-04-21,46,15000.0,5,Male,505
BOR100045,Construction,Mombasa,2024-02-02,26,86300.0,4,Male,676
BOR100046,Manufacturing,Kisumu,2019-04-05,74,277100.0,5,Male,596
BOR100047,Construction,Nairobi,2018-05-03,105,53200.0,11,Female,571
BOR100048,Transport & Logistics,Nairobi,2021-06-07,140,87700.0,3,Female,533
BOR100049,Transport & Logistics,Nairobi,2015-11-02,58,149900.0,10,Male,580
BOR100050,Transport & Logistics,Mombasa,2017-08-18,125,65200.0,21,Female,627
BOR100051,Agriculture,Kisumu,2015-06-05,33,48700.0,19,Male,688
BOR100052,Manufacturing,Nakuru,2021-02-17,113,15000.0,16,Male,364
BOR100053,Manufacturing,Nakuru,2020-03-03,82,114500.0,22,Female,525
BOR100054,Manufacturing,Mombasa,2021-10-18,110,67600.0,19,Male,614
BOR100055,Retail & Trade,Mombasa,2022-03-14,110,36000.0,16,Male,591
BOR100056,Services,Nairobi,2019-08-11,78,79900.0,21,Female,636
BOR100057,Retail & Trade,Nakuru,2025-02-19,39,48600.0,3,Male,624
BOR100058,Transport & Logistics,Mombasa,2025-09-17,77,50500.0,20,Male,573
BOR100059,Transport & Logistics,Nairobi,2016-04-17,120,111800.0,8,Female,553
BOR100060,Construction,Mombasa,2025-09-25,140,28700.0,18,Male,578
BOR100061,Transport & Logistics,Kisumu,2017-04-18,134,152200.0,22,Female,703
BOR100062,Manufacturing,Nairobi,2017-11-24,28,27500.0,12,Male,534
BOR100063,Construction,Nakuru,2021-03-07,87,46000.0,3,Male,594
BOR100064,Manufacturing,Nakuru,2015-05-06,17,281000.0,9,Male,617
BOR100065,Agriculture,Eldoret,2019-04-01,97,161000.0,10,Female,740
BOR100066,Construction,Nakuru,2017-04-09,143,78300.0,23,Male,573
BOR100067,Manufacturing,Nakuru,2020-08-18,10,37900.0,23,Female,686
BOR100068,Retail & Trade,Mombasa,2024-07-03,96,50500.0,14,Female,711
BOR100069,Manufacturing,Rural - Other,2025-10-12,137,77000.0,23,Female,594
BOR100070,Transport & Logistics,Nakuru,2017-06-23,123,75100.0,11,Male,581
BOR100071,Agriculture,Kisumu,2021-05-10,58,68600.0,10,Female,570
BOR100072,Manufacturing,Nakuru,2020-07-14,17,71600.0,21,Female,577
BOR100073,Retail & Trade,Mombasa,2019-11-04,134,62900.0,17,Male,677
BOR100074,Transport & Logistics,Kisumu,2022-05-19,133,26700.0,13,Female,621
BOR100075,Manufacturing,Eldoret,2026-07-18,85,50900.0,11,Female,621
BOR100076,Agriculture,Rural - Other,2019-09-23,142,138700.0,17,Female,499
BOR100077,Agriculture,Rural - Other,2015-10-05,3,28100.0,19,Female,513
BOR100078,Services,Kisumu,2025-09-07,90,64000.0,12,Male,793
BOR100079,Transport & Logistics,Kisumu,2025-11-15,8,41200.0,1,Female,584
BOR100080,Construction,Rural - Other,2018-10-05,135,79100.0,3,Female,530
BOR100081,Manufacturing,Mombasa,2020-11-07,99,55700.0,4,Male,729
BOR100082,Retail & Trade,Rural - Other,2025-01-23,132,205700.0,12,Male,625
BOR100083,Transport & Logistics,Kisumu,2020-11-16,82,104300.0,15,Male,652
BOR100084,Services,Nairobi,2020-08-12,14,29200.0,20,Male,588
BOR100085,Transport & Logistics,Nairobi,2025-10-03,6,117000.0,6,Male,571
BOR100086,Retail & Trade,Rural - Other,2024-09-01,50,42500.0,19,Female,585
BOR100087,Agriculture,Nairobi,2020-12-01,108,48800.0,16,Male,476
BOR100088,Transport & Logistics,Mombasa,2016-11-19,24,91100.0,2,Male,592
BOR100089,Transport & Logistics,Mombasa,2020-02-12,124,51800.0,9,Female,627
BOR100090,Manufacturing,Nairobi,2022-11-22,37,136600.0,8,Female,767
BOR100091,Transport & Logistics,Mombasa,2018-03-07,73,42500.0,22,Female,608
BOR100092,Construction,Eldoret,2021-04-08,31,47400.0,23,Male,390
BOR100093,Manufacturing,Nairobi,2022-09-08,69,46200.0,20,Male,592
BOR100094,Construction,Rural - Other,2015-12-29,67,49200.0,13,Male,847
BOR100095,Agriculture,Rural - Other,2021-08-24,3,157900.0,12,Female,678
BOR100096,Agriculture,Mombasa,2023-08-09,83,113600.0,8,Female,527
BOR100097,Transport & Logistics,Nairobi,2017-07-02,114,242100.0,19,Female,653
BOR100098,Services,Nakuru,2021-05-25,135,357700.0,3,Male,533
BOR100099,Retail & Trade,Nairobi,2023-04-11,49,35500.0,7,Male,478
BOR100100,Transport & Logistics,Mombasa,2015-07-08,128,76800.0,4,Male,569
BOR100101,Agriculture,Rural - Other,2022-07-07,127,32100.0,12,Male,608
BOR100102,Transport & Logistics,Rural - Other,2018-01-11,143,42400.0,8,Male,432
BOR100103,Retail & Trade,Rural - Other,2019-08-21,55,47000.0,5,Male,497
BOR100104,Transport & Logistics,Mombasa,2022-07-24,123,34900.0,10,Female,601
BOR100105,Transport & Logistics,Eldoret,2015-01-19,83,35000.0,21,Female,563
BOR100106,Transport & Logistics,Eldoret,2015-03-13,11,66100.0,14,Female,636
BOR100107,Services,Mombasa,2020-03-17,41,31200.0,20,Female,491
BOR100108,Manufacturing,Nakuru,2026-01-29,98,131900.0,22,Female,664
BOR100109,Transport & Logistics,Nairobi,2015-01-26,25,38500.0,22,Female,493
BOR100110,Agriculture,Nairobi,2024-03-15,64,522700.0,9,Male,748
BOR100111,Transport & Logistics,Kisumu,2015-11-16,113,53300.0,22,Female,446
BOR100112,Services,Nairobi,2020-09-14,24,76900.0,22,Male,502
BOR100113,Manufacturing,Nairobi,2020-01-09,73,29500.0,24,Male,638
BOR100114,Services,Rural - Other,2020-06-17,33,241400.0,9,Male,750
BOR100115,Services,Rural - Other,2015-12-16,79,160100.0,6,Male,628
BOR100116,Retail & Trade,Nakuru,2023-10-16,37,90000.0,15,Female,651
BOR100117,Retail & Trade,Rural - Other,2018-03-20,140,28500.0,23,Male,602
BOR100118,Agriculture,Rural - Other,2023-12-30,13,84800.0,22,Female,508
BOR100119,Retail & Trade,Nairobi,2022-08-25,139,33400.0,14,Male,556
BOR100120,Manufacturing,Kisumu,2021-06-07,115,203500.0,4,Female,491
BOR100121,Transport & Logistics,Mombasa,2018-08-08,124,128900.0,11,Female,485
BOR100122,Services,Nairobi,2022-08-11,123,78200.0,18,Male,636
BOR100123,Manufacturing,Eldoret,2026-08-21,29,15000.0,14,Male,499
BOR100124,Construction,Kisumu,2025-10-08,135,36700.0,9,Female,629
BOR100125,Services,Kisumu,2025-09-09,87,118400.0,9,Male,483
BOR100126,Retail & Trade,Nairobi,2017-07-25,139,170900.0,2,Female,627
BOR100127,Transport & Logistics,Nairobi,2021-10-30,127,159000.0,7,Male,556
BOR100128,Services,Rural - Other,2019-08-23,85,24000.0,17,Female,727
BOR100129,Services,Nairobi,2026-04-13,56,90300.0,6,Female,629
BOR100130,Services,Nairobi,2026-01-31,19,148900.0,24,Female,711
BOR100131,Services,Mombasa,2025-02-15,17,22900.0,2,Female,532
BOR100132,Retail & Trade,Kisumu,2016-11-24,58,72700.0,15,Female,605
BOR100133,Services,Nakuru,2018-09-20,118,88600.0,12,Female,512
BOR100134,Transport & Logistics,Kisumu,2023-04-19,74,59200.0,20,Female,563
BOR100135,Agriculture,Nairobi,2023-09-30,71,20000.0,22,Female,576
BOR100136,Services,Nairobi,2019-02-01,37,58200.0,14,Male,535
BOR100137,Retail & Trade,Rural - Other,2016-08-06,83,58200.0,16,Female,491
BOR100138,Manufacturing,Nakuru,2016-08-06,93,65900.0,17,Male,473
BOR100139,Manufacturing,Nakuru,2022-12-26,142,49300.0,13,Male,389
BOR100140,Construction,Eldoret,2020-04-19,106,53600.0,5,Female,505
BOR100141,Agriculture,Rural - Other,2020-09-23,89,71100.0,11,Male,656
BOR100142,Agriculture,Nairobi,2024-07-06,132,99700.0,6,Female,456
BOR100143,Manufacturing,Mombasa,2015-03-13,63,59100.0,12,Female,477
BOR100144,Construction,Kisumu,2023-10-21,135,54900.0,15,Male,761
BOR100145,Construction,Mombasa,2018-03-14,55,78000.0,6,Male,543
BOR100146,Retail & Trade,Rural - Other,2025-11-11,21,19100.0,6,Male,629
BOR100147,Agriculture,Kisumu,2026-02-22,62,102100.0,20,Female,658
BOR100148,Transport & Logistics,Rural - Other,2020-11-09,21,73100.0,10,Male,660
BOR100149,Retail & Trade,Rural - Other,2018-09-07,19,75200.0,5,Female,463
BOR100150,Construction,Kisumu,2017-09-20,128,143300.0,18,Female,579
BOR100151,Agriculture,Rural - Other,2017-02-12,115,18600.0,18,Female,454
BOR100152,Construction,Nakuru,2026-08-28,34,18400.0,20,Male,820
BOR100153,Agriculture,Rural - Other,2017-03-10,121,88600.0,19,Female,456
BOR100154,Manufacturing,Mombasa,2020-03-17,12,72800.0,24,Male,506
BOR100155,Services,Kisumu,2020-08-03,43,82400.0,14,Male,506
BOR100156,Retail & Trade,Kisumu,2022-12-03,103,52900.0,7,Male,465
BOR100157,Services,Nairobi,2024-10-30,46,116400.0,21,Male,722
BOR100158,Services,Mombasa,2021-07-05,106,140500.0,7,Male,818
BOR100159,Transport & Logistics,Rural - Other,2023-11-04,127,102600.0,7,Female,557
BOR100160,Construction,Nakuru,2021-08-11,12,60900.0,20,Female,481
BOR100161,Services,Nairobi,2020-02-05,6,16700.0,22,Male,399
BOR100162,Manufacturing,Mombasa,2016-11-03,136,125300.0,9,Female,578
BOR100163,Manufacturing,Nairobi,2017-06-08,76,172000.0,18,Female,572
BOR100164,Manufacturing,Nairobi,2020-01-17,74,114800.0,23,Female,541
BOR100165,Transport & Logistics,Rural - Other,2015-07-16,68,39500.0,20,Female,620
BOR100166,Agriculture,Kisumu,2018-09-10,64,117200.0,1,Female,636
BOR100167,Agriculture,Mombasa,2020-05-25,100,133600.0,16,Female,629
BOR100168,Manufacturing,Nakuru,2020-07-06,85,217800.0,5,Male,572
BOR100169,Retail & Trade,Nairobi,2024-07-03,26,39600.0,21,Female,501
BOR100170,Retail & Trade,Nairobi,2026-04-16,91,62400.0,2,Male,660
BOR100171,Retail & Trade,Eldoret,2023-07-07,97,123400.0,24,Male,601
BOR100172,Transport & Logistics,Nakuru,2015-12-05,19,76100.0,5,Female,680
BOR100173,Transport & Logistics,Rural - Other,2019-10-08,56,33500.0,11,Male,671
BOR100174,Transport & Logistics,Nakuru,2023-07-08,115,97800.0,6,Male,472
BOR100175,Manufacturing,Kisumu,2021-12-09,90,109700.0,20,Male,471
BOR100176,Transport & Logistics,Rural - Other,2020-05-04,22,77800.0,10,Female,532
BOR100177,Retail & Trade,Rural - Other,2020-02-02,8,85300.0,18,Female,505
BOR100178,Construction,Eldoret,2019-09-26,85,61000.0,2,Female,668
BOR100179,Services,Rural - Other,2021-10-03,68,205800.0,11,Male,632
BOR100180,Construction,Rural - Other,2017-01-31,139,38900.0,22,Male,699
BOR100181,Retail & Trade,Rural - Other,2021-01-14,77,48500.0,23,Male,636
BOR100182,Manufacturing,Nairobi,2017-05-27,135,73700.0,6,Male,619
BOR100183,Transport & Logistics,Eldoret,2022-12-11,33,135300.0,10,Male,708
BOR100184,Manufacturing,Kisumu,2025-02-01,66,25600.0,10,Male,642
BOR100185,Manufacturing,Nakuru,2020-12-03,22,29200.0,14,Female,606
BOR100186,Retail & Trade,Nakuru,2019-07-10,84,17600.0,13,Male,733
BOR100187,Manufacturing,Rural - Other,2025-12-21,29,74800.0,3,Female,610
BOR100188,Agriculture,Rural - Other,2022-09-11,72,33400.0,19,Female,573
BOR100189,Agriculture,Mombasa,2019-12-29,51,55900.0,6,Female,525
BOR100190,Transport & Logistics,Eldoret,2015-05-03,29,116200.0,8,Male,663
BOR100191,Services,Eldoret,2015-03-09,16,46700.0,21,Female,711
BOR100192,Services,Mombasa,2017-08-01,75,86000.0,17,Female,595
BOR100193,Manufacturing,Nairobi,2017-10-04,137,59300.0,10,Female,718
BOR100194,Construction,Nairobi,2023-06-01,31,117100.0,22,Female,423
BOR100195,Retail & Trade,Rural - Other,2020-11-03,60,102000.0,10,Female,595
BOR100196,Manufacturing,Kisumu,2026-08-31,34,45100.0,14,Male,596
BOR100197,Retail & Trade,Rural - Other,2021-04-22,117,65000.0,6,Male,535
BOR100198,Manufacturing,Kisumu,2025-07-15,61,151800.0,5,Female,815
BOR100199,Construction,Rural - Other,2021-06-11,141,96300.0,12,Female,594
BOR100200,Manufacturing,Mombasa,2019-03-07,37,27500.0,14,Female,563
BOR100201,Construction,Rural - Other,2023-05-03,14,115700.0,20,Female,602
BOR100202,Manufacturing,Nairobi,2020-03-30,85,34200.0,10,Male,420
BOR100203,Transport & Logistics,Nakuru,2018-03-16,95,196600.0,22,Male,532
BOR100204,Manufacturing,Rural - Other,2020-07-09,143,149800.0,15,Male,688
BOR100205,Agriculture,Rural - Other,2022-10-04,126,89600.0,2,Female,543
BOR100206,Transport & Logistics,Rural - Other,2019-05-20,128,81600.0,18,Male,525
BOR100207,Construction,Nairobi,2023-03-19,93,63200.0,14,Female,718
BOR100208,Agriculture,Mombasa,2026-06-10,54,117600.0,10,Female,721
BOR100209,Transport & Logistics,Nairobi,2019-10-19,63,56400.0,12,Male,647
BOR100210,Agriculture,Nairobi,2018-06-11,21,86200.0,8,Male,559
BOR100211,Transport & Logistics,Eldoret,2019-09-10,64,134600.0,15,Male,578
BOR100212,Transport & Logistics,Eldoret,2024-10-11,54,49400.0,14,Male,528
BOR100213,Manufacturing,Rural - Other,2017-02-01,8,47500.0,11,Male,510
BOR100214,Transport & Logistics,Rural - Other,2026-05-11,32,31700.0,7,Male,506
BOR100215,Agriculture,Eldoret,2019-10-31,78,34700.0,10,Female,544
BOR100216,Retail & Trade,Rural - Other,2024-10-26,55,20300.0,12,Female,507
BOR100217,Retail & Trade,Nairobi,2024-03-06,144,121900.0,12,Female,459
BOR100218,Manufacturing,Nairobi,2024-02-21,70,259400.0,8,Female,620
BOR100219,Construction,Nakuru,2025-08-09,139,198300.0,14,Female,621
BOR100220,Retail & Trade,Rural - Other,2017-02-26,96,23400.0,6,Female,753
BOR100221,Manufacturing,Nairobi,2021-12-04,8,121500.0,13,Male,540
BOR100222,Transport & Logistics,Kisumu,2016-02-26,31,197900.0,3,Male,627
BOR100223,Agriculture,Eldoret,2018-06-29,103,53100.0,12,Male,628
BOR100224,Transport & Logistics,Nairobi,2015-06-22,80,78500.0,19,Female,577
BOR100225,Agriculture,Mombasa,2022-12-17,45,17900.0,20,Male,667
BOR100226,Transport & Logistics,Rural - Other,2022-02-02,77,88100.0,17,Female,670
BOR100227,Services,Eldoret,2023-08-20,131,34700.0,18,Female,629
BOR100228,Services,Nairobi,2017-01-20,58,84100.0,2,Female,577
BOR100229,Agriculture,Rural - Other,2018-11-16,9,24500.0,9,Female,568
BOR100230,Manufacturing,Mombasa,2022-11-21,47,106900.0,16,Female,477
BOR100231,Construction,Rural - Other,2024-08-22,135,149800.0,20,Male,527
BOR100232,Retail & Trade,Mombasa,2025-05-01,111,42300.0,14,Male,544
BOR100233,Transport & Logistics,Nakuru,2015-11-11,121,33000.0,21,Male,499
BOR100234,Manufacturing,Mombasa,2019-09-12,132,16200.0,7,Female,640
BOR100235,Transport & Logistics,Nairobi,2015-02-15,19,60700.0,4,Male,708
BOR100236,Services,Rural - Other,2024-07-19,43,48700.0,3,Male,518
BOR100237,Manufacturing,Nairobi,2016-06-07,11,24700.0,14,Female,626
BOR100238,Agriculture,Nairobi,2024-08-04,3,100400.0,16,Male,507
BOR100239,Services,Mombasa,2016-10-26,121,53400.0,7,Female,573
BOR100240,Retail & Trade,Eldoret,2015-03-07,136,34400.0,19,Female,538
BOR100241,Services,Rural - Other,2025-04-03,25,49600.0,18,Female,654
BOR100242,Retail & Trade,Rural - Other,2020-02-13,105,154800.0,9,Female,539
BOR100243,Services,Mombasa,2019-12-16,78,111500.0,6,Female,691
BOR100244,Services,Mombasa,2022-07-18,12,66800.0,18,Female,578
BOR100245,Retail & Trade,Nairobi,2018-03-17,133,112800.0,17,Female,542
BOR100246,Transport & Logistics,Nakuru,2023-01-22,126,32400.0,5,Male,487
BOR100247,Manufacturing,Rural - Other,2020-01-03,83,74800.0,7,Female,623
BOR100248,Transport & Logistics,Eldoret,2018-03-07,103,81100.0,12,Female,681
BOR100249,Retail & Trade,Nakuru,2019-08-10,59,52600.0,13,Female,625
BOR100250,Agriculture,Mombasa,2015-01-27,115,99200.0,4,Male,801
BOR100251,Manufacturing,Rural - Other,2018-07-08,66,42300.0,23,Male,729
BOR100252,Agriculture,Kisumu,2021-11-25,143,104500.0,10,Male,572
BOR100253,Agriculture,Nairobi,2016-08-10,11,107600.0,10,Female,571
BOR100254,Services,Mombasa,2016-05-20,27,15000.0,2,Female,642
BOR100255,Retail & Trade,Nairobi,2022-08-26,140,168300.0,22,Male,525
BOR100256,Transport & Logistics,Nairobi,2019-12-30,44,15000.0,6,Female,705
BOR100257,Retail & Trade,Nairobi,2016-08-05,47,47500.0,24,Male,633
BOR100258,Agriculture,Kisumu,2023-09-22,115,149900.0,12,Male,623
BOR100259,Services,Nakuru,2024-01-18,29,58600.0,21,Female,662
BOR100260,Transport & Logistics,Mombasa,2015-05-29,75,26200.0,5,Male,755
BOR100261,Agriculture,Kisumu,2017-05-09,43,34000.0,4,Male,615
BOR100262,Agriculture,Rural - Other,2019-04-28,31,150100.0,20,Female,590
BOR100263,Construction,Eldoret,2023-07-14,139,19100.0,20,Female,736
BOR100264,Construction,Nakuru,2015-11-12,31,161200.0,14,Female,687
BOR100265,Services,Mombasa,2024-05-25,16,70400.0,1,Male,571
BOR100266,Manufacturing,Rural - Other,2018-09-23,98,31700.0,23,Female,600
BOR100267,Manufacturing,Nairobi,2016-06-18,126,48600.0,10,Female,618
BOR100268,Services,Mombasa,2025-01-26,21,35900.0,23,Male,633
BOR100269,Services,Rural - Other,2016-01-05,103,134100.0,21,Female,478
BOR100270,Agriculture,Kisumu,2016-07-06,79,122100.0,21,Female,461
BOR100271,Retail & Trade,Eldoret,2026-01-29,120,22000.0,17,Male,520
BOR100272,Retail & Trade,Nakuru,2021-01-22,21,55100.0,17,Female,513
BOR100273,Construction,Nakuru,2020-05-27,141,40000.0,13,Female,542
BOR100274,Manufacturing,Mombasa,2023-01-07,90,180900.0,1,Female,657
BOR100275,Manufacturing,Nairobi,2022-05-09,122,28400.0,10,Female,585
BOR100276,Manufacturing,Mombasa,2022-02-27,54,224800.0,18,Female,618
BOR100277,Transport & Logistics,Nairobi,2015-04-10,136,71400.0,20,Male,490
BOR100278,Retail & Trade,Rural - Other,2021-06-08,91,32400.0,14,Male,558
BOR100279,Retail & Trade,Mombasa,2018-04-02,21,45500.0,18,Female,653
BOR100280,Agriculture,Nakuru,2024-06-03,134,41700.0,1,Male,654
BOR100281,Manufacturing,Rural - Other,2020-11-23,116,30000.0,12,Male,535
BOR100282,Transport & Logistics,Rural - Other,2016-06-11,45,78100.0,13,Male,615
BOR100283,Manufacturing,Kisumu,2025-05-04,80,31000.0,22,Male,798
BOR100284,Manufacturing,Kisumu,2018-04-26,58,15900.0,8,Male,598
BOR100285,Construction,Rural - Other,2018-03-02,80,56100.0,6,Male,538
BOR100286,Retail & Trade,Eldoret,2025-12-03,140,20700.0,9,Female,584
BOR100287,Services,Rural - Other,2024-01-17,130,43200.0,5,Male,608
BOR100288,Services,Rural - Other,2025-01-10,33,38700.0,14,Female,586
BOR100289,Manufacturing,Rural - Other,2022-09-22,140,39700.0,16,Female,597
BOR100290,Transport & Logistics,Nairobi,2025-08-15,65,296800.0,20,Male,470
BOR100291,Agriculture,Nakuru,2016-05-06,103,76100.0,24,Female,513
BOR100292,Construction,Nairobi,2021-12-31,111,86800.0,2,Female,587
BOR100293,Agriculture,Nakuru,2018-06-04,71,21100.0,6,Female,585
BOR100294,Services,Rural - Other,2019-08-25,67,46300.0,8,Female,549
BOR100295,Services,Kisumu,2017-10-10,67,85000.0,6,Male,584
BOR100296,Construction,Kisumu,2017-05-23,125,35700.0,20,Male,605
BOR100297,Manufacturing,Nairobi,2020-02-29,57,138100.0,4,Female,680
BOR100298,Agriculture,Rural - Other,2025-09-17,42,31500.0,1,Female,591
BOR100299,Retail & Trade,Nairobi,2022-05-31,54,59800.0,21,Female,636
BOR100300,Manufacturing,Nairobi,2019-01-28,30,48500.0,24,Female,551
BOR100301,Transport & Logistics,Nairobi,2020-01-21,58,82000.0,6,Male,651
BOR100302,Retail & Trade,Nairobi,2021-03-07,19,46700.0,8,Male,634
BOR100303,Construction,Kisumu,2017-11-07,15,60500.0,13,Female,678
BOR100304,Services,Kisumu,2021-01-29,105,62000.0,13,Female,664
BOR100305,Retail & Trade,Mombasa,2023-02-13,13,43700.0,24,Male,653
BOR100306,Agriculture,Nairobi,2017-11-02,83,102700.0,10,Male,591
BOR100307,Services,Nairobi,2021-10-26,113,86400.0,1,Female,622
BOR100308,Agriculture,Mombasa,2023-04-07,105,68700.0,11,Female,696
BOR100309,Retail & Trade,Nairobi,2021-01-21,66,54100.0,14,Female,541
BOR100310,Services,Eldoret,2018-05-29,30,127700.0,13,Male,543
BOR100311,Transport & Logistics,Nairobi,2021-06-20,135,62000.0,13,Female,616
BOR100312,Retail & Trade,Mombasa,2024-04-02,121,59000.0,23,Female,637
BOR100313,Agriculture,Mombasa,2017-08-03,89,78700.0,20,Male,526
BOR100314,Agriculture,Mombasa,2021-09-14,15,239800.0,7,Male,593
BOR100315,Services,Nairobi,2022-12-09,7,28600.0,9,Female,592
BOR100316,Transport & Logistics,Nairobi,2018-10-01,47,125400.0,17,Female,401
BOR100317,Transport & Logistics,Rural - Other,2019-07-10,25,19400.0,10,Female,580
BOR100318,Construction,Nairobi,2025-05-15,125,85100.0,11,Male,586
BOR100319,Transport & Logistics,Kisumu,2019-03-29,32,220300.0,5,Female,586
BOR100320,Agriculture,Kisumu,2021-12-24,43,103000.0,7,Male,727
BOR100321,Retail & Trade,Mombasa,2016-09-30,141,82400.0,18,Male,491
BOR100322,Services,Kisumu,2025-10-20,119,49400.0,21,Male,526
BOR100323,Construction,Rural - Other,2021-12-18,34,74700.0,19,Male,365
BOR100324,Construction,Rural - Other,2023-11-14,57,61300.0,8,Female,557
BOR100325,Agriculture,Nairobi,2022-01-11,76,42200.0,4,Female,564
BOR100326,Agriculture,Mombasa,2019-02-23,97,59700.0,4,Male,554
BOR100327,Retail & Trade,Nairobi,2018-12-21,135,84000.0,10,Female,700
BOR100328,Retail & Trade,Kisumu,2023-03-07,126,42700.0,13,Female,677
BOR100329,Services,Eldoret,2025-01-11,141,41600.0,22,Female,607
BOR100330,Services,Nairobi,2016-06-27,8,28200.0,22,Female,567
BOR100331,Manufacturing,Mombasa,2024-11-11,36,96100.0,1,Female,692
BOR100332,Agriculture,Rural - Other,2024-09-06,82,107100.0,17,Male,598
BOR100333,Transport & Logistics,Nairobi,2016-04-09,9,86000.0,8,Male,526
BOR100334,Manufacturing,Kisumu,2016-04-05,53,143700.0,5,Male,446
BOR100335,Transport & Logistics,Eldoret,2023-02-09,24,77800.0,14,Male,560
BOR100336,Construction,Nairobi,2024-10-31,135,96200.0,1,Female,668
BOR100337,Agriculture,Nairobi,2019-08-06,11,90500.0,9,Male,805
BOR100338,Agriculture,Nairobi,2022-06-22,24,68600.0,14,Female,606
BOR100339,Construction,Rural - Other,2026-08-30,30,50400.0,7,Female,531
BOR100340,Services,Nairobi,2018-10-07,24,344500.0,15,Male,493
BOR100341,Agriculture,Nairobi,2017-08-16,83,53300.0,12,Female,650
BOR100342,Services,Nairobi,2026-07-27,54,45900.0,20,Female,441
BOR100343,Services,Nairobi,2018-04-10,132,99100.0,5,Female,650
BOR100344,Construction,Nakuru,2020-07-06,40,87200.0,2,Female,674
BOR100345,Agriculture,Nairobi,2020-02-27,79,27400.0,13,Female,639
BOR100346,Construction,Nakuru,2021-02-07,96,160500.0,7,Male,580
BOR100347,Construction,Nakuru,2018-02-18,91,68500.0,17,Male,651
BOR100348,Agriculture,Rural - Other,2022-12-03,116,33600.0,3,Female,615
BOR100349,Retail & Trade,Nairobi,2023-01-27,31,168100.0,14,Male,530
BOR100350,Services,Rural - Other,2017-05-04,75,113300.0,24,Female,767
BOR100351,Retail & Trade,Nakuru,2020-08-11,116,30200.0,3,Male,568
BOR100352,Agriculture,Nairobi,2015-09-02,125,253700.0,8,Female,670
BOR100353,Manufacturing,Rural - Other,2017-07-30,90,116000.0,21,Female,382
BOR100354,Construction,Rural - Other,2026-07-08,95,72600.0,13,Female,715
BOR100355,Construction,Nairobi,2020-11-27,125,222600.0,5,Male,732
BOR100356,Retail & Trade,Rural - Other,2022-04-07,91,81800.0,6,Male,603
BOR100357,Construction,Kisumu,2025-05-15,137,71700.0,19,Male,650
BOR100358,Retail & Trade,Nakuru,2023-04-30,21,46100.0,21,Male,650
BOR100359,Transport & Logistics,Rural - Other,2024-03-30,52,109900.0,9,Female,542
BOR100360,Construction,Mombasa,2023-04-23,18,102100.0,12,Female,649
BOR100361,Construction,Rural - Other,2020-10-26,15,73900.0,19,Female,527
BOR100362,Agriculture,Mombasa,2022-05-19,70,42100.0,5,Female,545
BOR100363,Construction,Rural - Other,2018-05-14,35,80100.0,5,Female,701
BOR100364,Retail & Trade,Nakuru,2025-05-22,60,69600.0,19,Female,688
BOR100365,Services,Nairobi,2017-02-05,65,28800.0,5,Female,536
BOR100366,Manufacturing,Mombasa,2025-04-25,91,26100.0,19,Male,534
BOR100367,Agriculture,Mombasa,2025-03-31,137,108600.0,12,Female,542
BOR100368,Retail & Trade,Nairobi,2016-08-29,123,15000.0,24,Male,666
BOR100369,Transport & Logistics,Nairobi,2023-04-15,56,84400.0,1,Male,510
BOR100370,Manufacturing,Mombasa,2026-07-18,49,52300.0,23,Female,632
BOR100371,Services,Nairobi,2021-09-03,112,182700.0,6,Female,667
BOR100372,Manufacturing,Nairobi,2018-12-21,20,51800.0,1,Male,592
BOR100373,Manufacturing,Eldoret,2025-04-05,79,116000.0,18,Male,691
BOR100374,Construction,Eldoret,2020-12-24,63,55400.0,13,Female,573
BOR100375,Retail & Trade,Eldoret,2016-06-02,28,79200.0,21,Female,581
BOR100376,Transport & Logistics,Mombasa,2017-11-28,90,122500.0,3,Male,512
BOR100377,Transport & Logistics,Rural - Other,2022-12-18,48,52900.0,2,Male,692
BOR100378,Manufacturing,Nakuru,2020-04-24,29,146900.0,14,Female,531
BOR100379,Agriculture,Nairobi,2017-07-12,95,36500.0,22,Female,631
BOR100380,Retail & Trade,Nairobi,2024-04-27,27,89900.0,10,Male,594
BOR100381,Construction,Eldoret,2016-05-28,98,139500.0,20,Female,505
BOR100382,Construction,Nairobi,2017-07-22,26,116100.0,22,Male,545
BOR100383,Agriculture,Kisumu,2020-06-06,64,279700.0,21,Female,724
BOR100384,Retail & Trade,Rural - Other,2015-06-18,117,42900.0,13,Female,618
BOR100385,Retail & Trade,Nairobi,2019-07-09,35,27900.0,17,Female,509
BOR100386,Retail & Trade,Nairobi,2025-08-13,112,36500.0,13,Female,627
BOR100387,Transport & Logistics,Rural - Other,2025-12-24,105,116100.0,17,Male,587
BOR100388,Construction,Nakuru,2025-03-04,131,103600.0,14,Female,850
BOR100389,Retail & Trade,Nairobi,2018-10-12,26,78600.0,13,Male,626
BOR100390,Transport & Logistics,Rural - Other,2015-10-04,104,33300.0,11,Female,566
BOR100391,Agriculture,Rural - Other,2024-07-04,136,125100.0,16,Male,728
BOR100392,Manufacturing,Kisumu,2019-05-10,111,31000.0,19,Male,434
BOR100393,Services,Nakuru,2023-09-26,29,164600.0,23,Male,608
BOR100394,Transport & Logistics,Nairobi,2016-05-22,119,540500.0,15,Female,779
BOR100395,Construction,Nairobi,2022-10-17,18,94500.0,3,Male,590
BOR100396,Retail & Trade,Nakuru,2021-11-03,86,110000.0,15,Male,444
BOR100397,Agriculture,Mombasa,2025-09-26,73,51800.0,8,Male,564
BOR100398,Agriculture,Eldoret,2016-03-10,78,20600.0,1,Female,731
BOR100399,Agriculture,Rural - Other,2019-10-05,76,48000.0,2,Female,634
BOR100400,Construction,Nairobi,2026-07-20,7,34000.0,15,Female,525
BOR100401,Transport & Logistics,Nakuru,2019-07-19,75,26600.0,23,Male,538
BOR100402,Agriculture,Nairobi,2022-09-04,136,244200.0,13,Male,550
BOR100403,Construction,Rural - Other,2016-11-16,65,88500.0,11,Female,633
BOR100404,Manufacturing,Nairobi,2023-07-01,42,95400.0,3,Male,720
BOR100405,Services,Nakuru,2018-03-21,144,58900.0,17,Male,695
BOR100406,Manufacturing,Nakuru,2021-09-04,17,64800.0,2,Female,641
BOR100407,Retail & Trade,Mombasa,2025-04-06,72,143700.0,21,Female,480
BOR100408,Construction,Eldoret,2022-09-17,75,71500.0,20,Male,480
BOR100409,Retail & Trade,Eldoret,2020-07-14,70,106000.0,24,Male,648
BOR100410,Agriculture,Nakuru,2017-03-20,133,63800.0,7,Female,479
BOR100411,Agriculture,Eldoret,2018-12-25,62,57600.0,4,Male,580
BOR100412,Agriculture,Rural - Other,2024-11-27,141,27300.0,8,Male,627
BOR100413,Retail & Trade,Mombasa,2017-07-09,12,18300.0,20,Male,498
BOR100414,Retail & Trade,Kisumu,2022-08-28,107,60900.0,6,Male,508
BOR100415,Transport & Logistics,Nairobi,2020-08-28,87,76100.0,22,Male,592
BOR100416,Construction,Rural - Other,2018-09-29,37,29700.0,4,Female,645
BOR100417,Retail & Trade,Kisumu,2023-05-12,35,71400.0,2,Female,696
BOR100418,Agriculture,Mombasa,2019-03-24,105,75900.0,6,Female,655
BOR100419,Services,Nairobi,2018-05-06,93,16200.0,19,Female,607
BOR100420,Construction,Rural - Other,2021-03-05,89,38500.0,15,Male,533
BOR100421,Transport & Logistics,Mombasa,2023-11-03,10,97300.0,9,Female,504
BOR100422,Transport & Logistics,Eldoret,2025-01-30,87,95900.0,16,Female,554
BOR100423,Services,Nairobi,2022-05-07,142,32600.0,16,Female,637
BOR100424,Manufacturing,Rural - Other,2022-09-21,5,81700.0,14,Female,630
BOR100425,Agriculture,Nairobi,2024-03-09,69,149600.0,13,Female,411
BOR100426,Construction,Nairobi,2018-02-21,73,126000.0,3,Male,529
BOR100427,Transport & Logistics,Rural - Other,2017-12-05,130,68400.0,7,Male,708
BOR100428,Retail & Trade,Rural - Other,2020-08-24,43,52700.0,13,Female,607
BOR100429,Transport & Logistics,Nairobi,2022-05-12,70,47100.0,4,Male,472
BOR100430,Retail & Trade,Kisumu,2022-07-15,104,101500.0,12,Male,812
BOR100431,Transport & Logistics,Eldoret,2016-10-17,11,83800.0,3,Female,597
BOR100432,Transport & Logistics,Rural - Other,2024-02-09,116,113600.0,19,Male,635
BOR100433,Retail & Trade,Mombasa,2019-03-31,119,80200.0,3,Female,636
BOR100434,Manufacturing,Kisumu,2025-03-27,105,129700.0,3,Female,567
BOR100435,Retail & Trade,Eldoret,2023-06-14,95,78100.0,16,Male,535
BOR100436,Services,Eldoret,2026-06-20,109,126700.0,6,Female,791
BOR100437,Construction,Rural - Other,2022-05-15,114,134500.0,9,Male,690
BOR100438,Retail & Trade,Nakuru,2021-02-25,131,41600.0,8,Male,674
BOR100439,Manufacturing,Nairobi,2017-03-11,63,20600.0,6,Male,652
BOR100440,Construction,Rural - Other,2019-08-26,67,215400.0,19,Male,510
BOR100441,Agriculture,Rural - Other,2025-01-05,93,87500.0,17,Male,715
BOR100442,Retail & Trade,Rural - Other,2019-06-16,30,22000.0,6,Male,524
BOR100443,Manufacturing,Nairobi,2015-08-16,124,44400.0,17,Female,625
BOR100444,Services,Nairobi,2017-11-10,112,125500.0,18,Female,452
BOR100445,Services,Eldoret,2021-12-11,92,60100.0,13,Male,416
BOR100446,Agriculture,Nairobi,2022-05-04,45,51100.0,14,Female,629
BOR100447,Construction,Rural - Other,2026-06-24,52,195000.0,23,Female,527
BOR100448,Services,Mombasa,2025-11-23,64,35100.0,11,Female,421
BOR100449,Agriculture,Eldoret,2021-03-14,97,41800.0,10,Male,649
BOR100450,Construction,Rural - Other,2021-06-20,113,84800.0,13,Female,791
BOR100451,Construction,Mombasa,2024-05-04,98,96100.0,21,Female,725
BOR100452,Manufacturing,Mombasa,2015-07-27,135,103500.0,18,Female,577
BOR100453,Retail & Trade,Nakuru,2021-12-11,139,138400.0,2,Female,601
BOR100454,Services,Nakuru,2020-07-12,103,84000.0,12,Male,680
BOR100455,Services,Mombasa,2024-02-19,55,103000.0,18,Female,701
BOR100456,Retail & Trade,Nakuru,2024-05-03,88,61000.0,6,Male,569
BOR100457,Services,Rural - Other,2022-08-25,63,76400.0,24,Male,603
BOR100458,Construction,Kisumu,2022-09-01,92,78800.0,20,Female,627
BOR100459,Retail & Trade,Nairobi,2023-01-23,118,85000.0,21,Male,650
BOR100460,Transport & Logistics,Mombasa,2021-10-07,55,125600.0,2,Male,588
BOR100461,Retail & Trade,Mombasa,2017-08-28,74,107900.0,14,Male,589
BOR100462,Transport & Logistics,Nairobi,2018-04-27,9,75400.0,13,Female,724
BOR100463,Manufacturing,Nairobi,2023-08-27,107,41500.0,16,Female,709
BOR100464,Retail & Trade,Eldoret,2022-03-19,72,76700.0,21,Male,643
BOR100465,Construction,Mombasa,2017-10-10,68,71700.0,9,Male,755
BOR100466,Retail & Trade,Rural - Other,2025-03-29,78,83700.0,13,Male,565
BOR100467,Services,Nairobi,2026-06-10,33,342700.0,17,Male,746
BOR100468,Agriculture,Nairobi,2022-04-21,87,50700.0,19,Female,649
BOR100469,Construction,Eldoret,2017-08-28,108,98300.0,19,Male,850
BOR100470,Transport & Logistics,Rural - Other,2025-12-12,52,154500.0,9,Female,493
BOR100471,Transport & Logistics,Nairobi,2017-10-05,21,78300.0,24,Male,538
BOR100472,Manufacturing,Nairobi,2020-01-17,57,375700.0,1,Female,638
BOR100473,Manufacturing,Nairobi,2025-01-06,31,56100.0,12,Female,636
BOR100474,Services,Kisumu,2021-01-27,56,91800.0,15,Male,776
BOR100475,Transport & Logistics,Kisumu,2017-11-01,92,41800.0,2,Male,540
BOR100476,Construction,Nairobi,2015-12-08,19,57200.0,11,Male,681
BOR100477,Retail & Trade,Nairobi,2019-03-18,109,87100.0,15,Female,705
BOR100478,Services,Kisumu,2022-11-03,34,132200.0,15,Female,663
BOR100479,Retail & Trade,Rural - Other,2023-05-04,130,91400.0,3,Male,514
BOR100480,Agriculture,Nakuru,2017-08-07,107,176600.0,7,Female,727
BOR100481,Transport & Logistics,Kisumu,2016-11-07,41,68400.0,6,Female,711
BOR100482,Agriculture,Nairobi,2023-03-08,82,58000.0,16,Male,654
BOR100483,Transport & Logistics,Nairobi,2016-11-08,18,485400.0,8,Female,618
BOR100484,Manufacturing,Mombasa,2015-10-01,17,96400.0,14,Male,620
BOR100485,Agriculture,Rural - Other,2020-09-03,138,44200.0,18,Female,593
BOR100486,Manufacturing,Rural - Other,2021-08-29,116,45000.0,20,Male,658
BOR100487,Services,Rural - Other,2017-11-04,24,37800.0,5,Male,603
BOR100488,Transport & Logistics,Rural - Other,2017-06-19,43,140900.0,22,Male,524
BOR100489,Services,Rural - Other,2017-10-01,31,56700.0,4,Male,506
BOR100490,Construction,Rural - Other,2018-12-31,59,79900.0,1,Female,532
BOR100491,Construction,Nairobi,2015-02-09,44,70000.0,2,Male,620
BOR100492,Transport & Logistics,Nairobi,2015-02-20,49,122000.0,5,Male,598
BOR100493,Services,Mombasa,2019-04-28,78,40400.0,21,Male,619
BOR100494,Agriculture,Nakuru,2015-03-26,29,34400.0,5,Male,645
BOR100495,Manufacturing,Nairobi,2018-09-18,128,85600.0,17,Male,544
BOR100496,Retail & Trade,Rural - Other,2021-10-11,106,111400.0,11,Male,732
BOR100497,Manufacturing,Nakuru,2015-05-13,110,92300.0,1,Male,576
BOR100498,Construction,Nakuru,2022-03-17,27,41500.0,11,Female,561
BOR100499,Manufacturing,Nairobi,2022-04-01,103,117500.0,1,Female,643
BOR100500,Retail & Trade,Nairobi,2021-09-08,121,43400.0,12,Male,435
BOR100501,Services,Nairobi,2022-04-24,27,50800.0,14,Female,529
BOR100502,Construction,Rural - Other,2024-06-10,109,37800.0,13,Male,688
BOR100503,Construction,Nakuru,2015-10-29,53,181800.0,7,Male,444
BOR100504,Agriculture,Eldoret,2016-12-20,114,113900.0,19,Female,701
BOR100505,Manufacturing,Mombasa,2018-09-12,70,111700.0,15,Male,736
BOR100506,Services,Mombasa,2023-01-11,116,175100.0,7,Male,567
BOR100507,Agriculture,Mombasa,2025-03-08,23,523800.0,11,Male,626
BOR100508,Agriculture,Rural - Other,2025-09-19,58,22100.0,3,Female,701
BOR100509,Agriculture,Rural - Other,2021-10-16,41,43600.0,23,Male,558
BOR100510,Construction,Nairobi,2019-10-14,38,47500.0,19,Female,678
BOR100511,Transport & Logistics,Rural - Other,2019-10-22,46,40300.0,7,Male,540
BOR100512,Construction,Nairobi,2015-09-12,57,34400.0,17,Female,557
BOR100513,Transport & Logistics,Rural - Other,2020-06-04,21,59300.0,17,Male,528
BOR100514,Construction,Nairobi,2020-12-25,103,31200.0,15,Male,631
BOR100515,Retail & Trade,Nairobi,2017-06-06,81,92500.0,2,Male,704
BOR100516,Construction,Rural - Other,2023-12-17,120,75800.0,22,Female,583
BOR100517,Retail & Trade,Nairobi,2024-06-21,103,102400.0,23,Male,486
BOR100518,Manufacturing,Mombasa,2018-07-10,24,104300.0,24,Male,503
BOR100519,Services,Kisumu,2025-08-30,12,111500.0,24,Female,636
BOR100520,Manufacturing,Nairobi,2016-04-01,63,56300.0,23,Male,766
BOR100521,Retail & Trade,Eldoret,2025-08-16,71,322800.0,18,Male,635
BOR100522,Agriculture,Rural - Other,2023-12-17,37,86200.0,2,Male,565
BOR100523,Transport & Logistics,Rural - Other,2017-08-12,114,19900.0,12,Male,669
BOR100524,Agriculture,Mombasa,2022-08-02,85,36300.0,6,Male,578
BOR100525,Agriculture,Kisumu,2018-08-17,109,21600.0,6,Male,566
BOR100526,Construction,Nairobi,2024-04-30,18,74000.0,20,Male,514
BOR100527,Retail & Trade,Nairobi,2016-11-15,118,67200.0,20,Female,727
BOR100528,Construction,Nairobi,2017-11-09,32,52700.0,13,Male,371
BOR100529,Construction,Rural - Other,2018-08-01,66,298800.0,18,Male,672
BOR100530,Services,Rural - Other,2017-04-30,65,107400.0,4,Male,558
BOR100531,Retail & Trade,Rural - Other,2018-11-19,119,121600.0,6,Male,563
BOR100532,Retail & Trade,Kisumu,2022-01-11,42,38100.0,21,Female,752
BOR100533,Agriculture,Kisumu,2022-05-21,37,36300.0,11,Female,536
BOR100534,Services,Kisumu,2021-06-18,51,75000.0,14,Female,539
BOR100535,Retail & Trade,Kisumu,2017-03-19,54,82500.0,12,Female,588
BOR100536,Manufacturing,Kisumu,2017-05-12,28,19900.0,5,Female,637
BOR100537,Retail & Trade,Nairobi,2025-09-22,28,64500.0,20,Female,560
BOR100538,Services,Nairobi,2017-12-06,35,73900.0,19,Male,458
BOR100539,Retail & Trade,Rural - Other,2016-03-15,69,62900.0,17,Female,522
BOR100540,Transport & Logistics,Kisumu,2020-04-18,51,41400.0,9,Female,715
BOR100541,Retail & Trade,Rural - Other,2015-01-30,58,50100.0,16,Female,607
BOR100542,Agriculture,Nairobi,2018-12-31,105,64600.0,23,Female,641
BOR100543,Agriculture,Nakuru,2024-12-21,37,77900.0,16,Female,576
BOR100544,Transport & Logistics,Nairobi,2018-02-13,132,111700.0,12,Male,541
BOR100545,Retail & Trade,Nairobi,2023-03-18,109,155800.0,7,Male,751
BOR100546,Manufacturing,Nairobi,2020-09-18,27,59500.0,13,Female,583
BOR100547,Services,Nairobi,2019-02-23,47,53100.0,9,Male,560
BOR100548,Services,Rural - Other,2022-09-19,29,99300.0,15,Female,699
BOR100549,Transport & Logistics,Mombasa,2021-12-12,41,112100.0,2,Female,535
BOR100550,Transport & Logistics,Nakuru,2018-09-17,54,54000.0,5,Male,546
BOR100551,Manufacturing,Kisumu,2017-08-10,21,127200.0,19,Male,601
BOR100552,Transport & Logistics,Mombasa,2025-09-11,5,145200.0,10,Male,600
BOR100553,Agriculture,Kisumu,2016-12-18,65,180600.0,11,Female,623
BOR100554,Construction,Nairobi,2026-03-12,102,253900.0,14,Female,788
BOR100555,Services,Rural - Other,2020-06-30,46,39900.0,11,Female,630
BOR100556,Transport & Logistics,Rural - Other,2026-08-18,125,73800.0,19,Female,386
BOR100557,Construction,Eldoret,2019-02-13,55,73700.0,6,Male,629
BOR100558,Transport & Logistics,Kisumu,2021-08-06,130,68300.0,19,Female,603
BOR100559,Construction,Nairobi,2022-03-06,36,46400.0,6,Male,604
BOR100560,Services,Rural - Other,2018-12-14,79,25900.0,9,Male,622
BOR100561,Retail & Trade,Mombasa,2017-07-18,111,78000.0,15,Male,597
BOR100562,Manufacturing,Nairobi,2021-01-26,11,42700.0,22,Female,595
BOR100563,Agriculture,Mombasa,2022-09-25,135,77700.0,6,Female,655
BOR100564,Construction,Rural - Other,2018-01-18,54,41900.0,15,Female,551
BOR100565,Agriculture,Nakuru,2023-12-12,73,33900.0,2,Male,515
BOR100566,Agriculture,Eldoret,2022-06-15,92,86200.0,2,Female,850
BOR100567,Agriculture,Rural - Other,2016-12-11,94,81300.0,19,Male,536
BOR100568,Services,Nairobi,2025-12-13,6,109700.0,18,Male,609
BOR100569,Services,Rural - Other,2015-07-06,126,337800.0,10,Female,465
BOR100570,Construction,Kisumu,2022-08-17,91,88800.0,15,Male,610
BOR100571,Manufacturing,Nakuru,2020-02-17,144,102700.0,10,Female,516
BOR100572,Agriculture,Nairobi,2022-08-17,69,34400.0,7,Male,560
BOR100573,Retail & Trade,Rural - Other,2024-01-12,90,29700.0,11,Female,694
BOR100574,Retail & Trade,Mombasa,2023-01-07,65,221500.0,8,Male,642
BOR100575,Manufacturing,Nairobi,2022-08-04,129,38300.0,20,Male,651
BOR100576,Construction,Kisumu,2024-10-23,121,35200.0,10,Male,441
BOR100577,Services,Nairobi,2023-03-10,132,71200.0,8,Female,765
BOR100578,Construction,Nairobi,2024-06-29,74,68700.0,13,Male,493
BOR100579,Retail & Trade,Nakuru,2019-09-13,115,38900.0,19,Female,738
BOR100580,Retail & Trade,Mombasa,2017-05-14,53,59100.0,7,Male,692
BOR100581,Construction,Rural - Other,2017-09-28,68,172900.0,23,Female,652
BOR100582,Retail & Trade,Mombasa,2022-02-21,110,41600.0,12,Female,523
BOR100583,Retail & Trade,Eldoret,2021-03-15,14,27600.0,16,Female,614
BOR100584,Manufacturing,Kisumu,2015-11-25,103,141500.0,23,Female,558
BOR100585,Construction,Nakuru,2017-05-20,5,103200.0,11,Female,603
BOR100586,Transport & Logistics,Nakuru,2026-04-15,85,47400.0,5,Male,578
BOR100587,Retail & Trade,Kisumu,2023-06-22,70,24200.0,18,Female,417
BOR100588,Construction,Rural - Other,2023-10-22,69,43400.0,1,Male,701
BOR100589,Construction,Mombasa,2017-04-19,73,70400.0,11,Female,593
BOR100590,Transport & Logistics,Nairobi,2015-10-01,72,165400.0,24,Male,556
BOR100591,Construction,Eldoret,2018-05-26,60,35400.0,10,Male,550
BOR100592,Agriculture,Rural - Other,2024-12-30,67,68900.0,17,Female,632
BOR100593,Construction,Nairobi,2020-11-28,83,117300.0,13,Male,520
BOR100594,Agriculture,Kisumu,2024-02-26,111,15000.0,6,Male,397
BOR100595,Transport & Logistics,Rural - Other,2020-09-04,81,150800.0,8,Male,637
BOR100596,Services,Eldoret,2020-09-19,94,32000.0,13,Female,647
BOR100597,Transport & Logistics,Rural - Other,2022-01-04,121,92300.0,3,Female,582
BOR100598,Services,Kisumu,2026-03-09,143,86900.0,10,Male,497
BOR100599,Services,Nakuru,2020-02-07,18,156200.0,10,Female,608
BOR100600,Services,Mombasa,2021-12-13,104,107500.0,21,Male,468
BOR100601,Transport & Logistics,Rural - Other,2025-09-22,34,15000.0,3,Female,508
BOR100602,Transport & Logistics,Mombasa,2019-05-06,30,42200.0,21,Male,532
BOR100603,Retail & Trade,Eldoret,2024-10-18,115,80600.0,10,Female,676
BOR100604,Transport & Logistics,Mombasa,2021-03-29,12,63800.0,16,Female,567
BOR100605,Services,Nakuru,2025-04-03,123,102200.0,14,Male,560
BOR100606,Agriculture,Eldoret,2020-06-16,112,127100.0,8,Male,776
BOR100607,Services,Kisumu,2022-05-06,144,112000.0,23,Male,632
BOR100608,Construction,Rural - Other,2018-10-09,97,62900.0,6,Male,631
BOR100609,Construction,Mombasa,2022-05-29,126,20100.0,1,Female,567
BOR100610,Construction,Nakuru,2018-10-22,19,53200.0,19,Female,546
BOR100611,Manufacturing,Mombasa,2022-02-08,129,97900.0,15,Female,403
BOR100612,Transport & Logistics,Mombasa,2024-03-14,25,34100.0,22,Female,687
BOR100613,Manufacturing,Kisumu,2020-01-28,47,113800.0,11,Female,640
BOR100614,Transport & Logistics,Nairobi,2020-01-03,21,138100.0,1,Male,584
BOR100615,Services,Nairobi,2018-10-04,60,79900.0,1,Female,588
BOR100616,Agriculture,Eldoret,2023-07-10,109,15000.0,11,Female,666
BOR100617,Agriculture,Nakuru,2021-11-27,41,29900.0,6,Female,460
BOR100618,Retail & Trade,Eldoret,2021-01-09,119,273800.0,23,Female,547
BOR100619,Retail & Trade,Nairobi,2015-04-19,89,49900.0,3,Female,498
BOR100620,Manufacturing,Mombasa,2016-04-14,92,18200.0,22,Male,759
BOR100621,Manufacturing,Nairobi,2015-02-01,136,173600.0,6,Female,679
BOR100622,Retail & Trade,Rural - Other,2024-12-01,64,73800.0,3,Male,402
BOR100623,Manufacturing,Rural - Other,2024-12-07,51,158500.0,7,Male,464
BOR100624,Services,Nairobi,2015-10-17,144,88800.0,4,Male,588
BOR100625,Agriculture,Eldoret,2015-07-17,82,100800.0,10,Male,557
BOR100626,Manufacturing,Nairobi,2024-02-12,90,94300.0,8,Female,481
BOR100627,Manufacturing,Nairobi,2021-02-14,45,119200.0,13,Female,775
BOR100628,Services,Nairobi,2018-08-09,33,360100.0,13,Female,628
BOR100629,Manufacturing,Mombasa,2022-03-05,27,144300.0,1,Male,643
BOR100630,Transport & Logistics,Eldoret,2017-10-04,34,24200.0,3,Male,538
BOR100631,Agriculture,Rural - Other,2017-04-24,30,100000.0,4,Female,665
BOR100632,Manufacturing,Nairobi,2019-04-15,109,162600.0,5,Female,566
BOR100633,Manufacturing,Nakuru,2025-06-13,11,169700.0,3,Male,574
BOR100634,Agriculture,Eldoret,2023-12-13,92,54300.0,8,Male,655
BOR100635,Transport & Logistics,Rural - Other,2017-03-20,137,165300.0,14,Male,453
BOR100636,Agriculture,Nakuru,2021-07-21,111,140000.0,8,Male,744
BOR100637,Agriculture,Nairobi,2025-04-26,60,442800.0,8,Male,616
BOR100638,Transport & Logistics,Nakuru,2026-02-06,11,43300.0,12,Male,715
BOR100639,Construction,Mombasa,2023-11-26,121,51300.0,14,Female,503
BOR100640,Transport & Logistics,Rural - Other,2016-07-03,3,59000.0,8,Female,517
BOR100641,Construction,Mombasa,2017-10-22,99,51900.0,6,Male,495
BOR100642,Construction,Eldoret,2017-07-20,98,39200.0,10,Male,623
BOR100643,Manufacturing,Nairobi,2016-10-04,30,15000.0,1,Female,606
BOR100644,Transport & Logistics,Mombasa,2017-01-17,108,53900.0,12,Male,558
BOR100645,Agriculture,Rural - Other,2018-09-09,27,94700.0,23,Female,509
BOR100646,Manufacturing,Nakuru,2021-06-25,35,51800.0,10,Male,486
BOR100647,Services,Kisumu,2019-08-23,118,283400.0,3,Female,596
BOR100648,Construction,Rural - Other,2019-11-29,142,73800.0,17,Male,558
BOR100649,Construction,Rural - Other,2017-11-13,40,180500.0,4,Male,538
BOR100650,Manufacturing,Mombasa,2016-10-05,133,87800.0,5,Female,739
BOR100651,Services,Nakuru,2026-08-27,132,130400.0,4,Female,593
BOR100652,Agriculture,Kisumu,2021-12-27,112,88900.0,22,Male,714
BOR100653,Transport & Logistics,Nakuru,2017-09-05,22,190600.0,24,Female,552
BOR100654,Services,Mombasa,2024-06-13,45,76100.0,14,Female,622
BOR100655,Services,Nairobi,2024-09-09,99,103500.0,15,Male,595
BOR100656,Transport & Logistics,Rural - Other,2026-04-12,144,94500.0,16,Female,447
BOR100657,Services,Rural - Other,2016-11-09,118,59800.0,15,Female,729
BOR100658,Retail & Trade,Rural - Other,2022-06-19,62,97100.0,14,Female,588
BOR100659,Agriculture,Rural - Other,2026-06-08,36,349400.0,24,Male,667
BOR100660,Agriculture,Eldoret,2024-05-30,139,60500.0,18,Female,532
BOR100661,Transport & Logistics,Rural - Other,2017-08-18,42,98100.0,3,Female,585
BOR100662,Retail & Trade,Rural - Other,2025-06-02,51,176400.0,10,Female,522
BOR100663,Agriculture,Kisumu,2019-12-02,139,162500.0,24,Female,711
BOR100664,Services,Kisumu,2020-09-14,82,73700.0,10,Female,628
BOR100665,Transport & Logistics,Nairobi,2021-07-08,40,15000.0,5,Female,633
BOR100666,Services,Nakuru,2023-12-31,3,105000.0,21,Female,722
BOR100667,Construction,Mombasa,2016-05-27,64,15500.0,15,Female,704
BOR100668,Construction,Nairobi,2021-04-16,143,204600.0,14,Male,669
BOR100669,Retail & Trade,Nakuru,2024-07-12,64,82300.0,11,Female,472
BOR100670,Construction,Mombasa,2021-05-26,102,147200.0,3,Female,537
BOR100671,Services,Nairobi,2018-03-16,38,38900.0,10,Male,510
BOR100672,Services,Rural - Other,2015-08-28,113,24700.0,11,Male,665
BOR100673,Retail & Trade,Rural - Other,2021-05-29,113,87800.0,23,Male,615
BOR100674,Services,Nairobi,2023-03-16,89,71400.0,8,Female,475
BOR100675,Transport & Logistics,Nairobi,2021-05-30,112,51800.0,4,Female,583
BOR100676,Services,Mombasa,2026-06-05,85,77600.0,11,Female,466
BOR100677,Retail & Trade,Rural - Other,2022-01-11,56,507500.0,24,Female,595
BOR100678,Services,Rural - Other,2020-12-05,107,131200.0,12,Female,451
BOR100679,Construction,Nairobi,2015-08-25,121,152500.0,10,Male,648
BOR100680,Transport & Logistics,Rural - Other,2021-07-08,122,132000.0,17,Female,634
BOR100681,Retail & Trade,Nairobi,2016-12-19,33,206000.0,16,Male,772
BOR100682,Construction,Mombasa,2023-06-16,99,64000.0,8,Female,676
BOR100683,Construction,Rural - Other,2016-11-17,3,17400.0,24,Female,562
BOR100684,Agriculture,Nairobi,2025-07-30,84,64100.0,15,Male,674
BOR100685,Transport & Logistics,Nairobi,2018-07-11,84,129100.0,2,Male,474
BOR100686,Manufacturing,Kisumu,2020-01-24,54,37100.0,10,Female,513
BOR100687,Services,Nakuru,2016-09-09,144,64600.0,23,Male,630
BOR100688,Manufacturing,Rural - Other,2017-06-16,128,45100.0,10,Female,406
BOR100689,Transport & Logistics,Rural - Other,2025-10-03,8,209300.0,14,Female,597
BOR100690,Construction,Nairobi,2018-04-23,32,123600.0,15,Male,508
BOR100691,Transport & Logistics,Nairobi,2020-12-25,32,115400.0,17,Female,609
BOR100692,Construction,Rural - Other,2026-06-13,130,113000.0,21,Female,503
BOR100693,Construction,Nairobi,2022-04-11,76,71200.0,4,Female,638
BOR100694,Retail & Trade,Rural - Other,2015-06-27,106,84000.0,13,Female,602
BOR100695,Agriculture,Eldoret,2019-03-04,118,31900.0,13,Female,726
BOR100696,Transport & Logistics,Nairobi,2019-07-07,112,15800.0,4,Female,601
BOR100697,Services,Rural - Other,2018-03-23,15,81200.0,17,Male,531
BOR100698,Retail & Trade,Nairobi,2017-10-24,22,91700.0,3,Male,578
BOR100699,Retail & Trade,Kisumu,2020-11-14,59,170500.0,11,Female,479
BOR100700,Services,Nakuru,2019-05-26,51,219700.0,8,Female,637
BOR100701,Services,Kisumu,2018-06-08,109,219500.0,4,Male,653
BOR100702,Agriculture,Eldoret,2019-10-26,25,36400.0,20,Female,822
BOR100703,Agriculture,Nakuru,2019-01-04,55,57100.0,6,Male,544
BOR100704,Retail & Trade,Rural - Other,2017-09-01,36,102400.0,7,Male,576
BOR100705,Services,Rural - Other,2020-04-13,29,430300.0,21,Female,548
BOR100706,Retail & Trade,Kisumu,2025-12-29,27,206100.0,22,Female,619
BOR100707,Services,Nairobi,2020-11-24,30,160100.0,1,Female,634
BOR100708,Manufacturing,Eldoret,2021-12-21,83,55700.0,7,Female,595
BOR100709,Manufacturing,Rural - Other,2026-06-26,61,39400.0,18,Female,698
BOR100710,Transport & Logistics,Mombasa,2022-02-27,64,127000.0,19,Male,544
BOR100711,Services,Kisumu,2017-08-09,71,33800.0,24,Female,689
BOR100712,Transport & Logistics,Kisumu,2019-08-25,108,61900.0,14,Male,648
BOR100713,Transport & Logistics,Nairobi,2020-09-10,125,67500.0,1,Male,599
BOR100714,Construction,Eldoret,2020-07-16,77,223000.0,21,Female,572
BOR100715,Transport & Logistics,Mombasa,2016-09-29,94,57100.0,4,Female,818
BOR100716,Services,Rural - Other,2016-03-26,107,15000.0,3,Female,526
BOR100717,Manufacturing,Rural - Other,2019-01-31,101,104100.0,17,Male,627
BOR100718,Agriculture,Rural - Other,2025-08-31,22,44800.0,15,Female,532
BOR100719,Services,Mombasa,2023-05-15,142,75300.0,2,Male,761
BOR100720,Retail & Trade,Mombasa,2024-10-26,26,68800.0,5,Male,680
BOR100721,Construction,Eldoret,2017-01-13,61,60400.0,15,Male,539
BOR100722,Construction,Rural - Other,2019-11-01,95,127200.0,7,Male,646
BOR100723,Retail & Trade,Kisumu,2021-10-13,60,25000.0,17,Male,623
BOR100724,Transport & Logistics,Rural - Other,2020-01-25,37,50900.0,10,Male,554
BOR100725,Retail & Trade,Nairobi,2019-11-11,134,118000.0,15,Male,668
BOR100726,Transport & Logistics,Rural - Other,2019-03-14,13,47600.0,12,Male,635
BOR100727,Retail & Trade,Nairobi,2015-08-08,37,23700.0,9,Male,619
BOR100728,Manufacturing,Nairobi,2024-12-31,144,116800.0,9,Male,596
BOR100729,Services,Kisumu,2025-11-19,106,160500.0,17,Female,639
BOR100730,Transport & Logistics,Nairobi,2015-12-11,15,70900.0,13,Male,621
BOR100731,Manufacturing,Nairobi,2019-10-29,110,18500.0,15,Female,605
BOR100732,Construction,Nairobi,2021-01-15,140,119900.0,14,Male,542
BOR100733,Transport & Logistics,Kisumu,2024-02-23,16,22900.0,5,Female,752
BOR100734,Agriculture,Rural - Other,2026-07-06,61,90800.0,22,Male,505
BOR100735,Transport & Logistics,Nairobi,2019-11-09,69,39300.0,14,Male,638
BOR100736,Transport & Logistics,Nakuru,2023-09-27,21,32500.0,18,Male,571
BOR100737,Manufacturing,Rural - Other,2025-12-08,31,53700.0,22,Female,758
BOR100738,Transport & Logistics,Nairobi,2024-09-07,27,64300.0,23,Male,519
BOR100739,Construction,Nairobi,2018-05-22,29,46600.0,17,Male,534
BOR100740,Transport & Logistics,Rural - Other,2024-07-15,60,110400.0,19,Male,513
BOR100741,Transport & Logistics,Rural - Other,2019-10-23,68,53500.0,12,Male,629
BOR100742,Services,Kisumu,2015-03-16,36,145200.0,18,Male,476
BOR100743,Agriculture,Rural - Other,2023-11-08,44,89000.0,8,Male,557
BOR100744,Transport & Logistics,Nairobi,2024-09-29,30,44900.0,18,Female,406
BOR100745,Manufacturing,Mombasa,2019-01-04,116,39900.0,3,Male,622
BOR100746,Services,Eldoret,2020-04-05,33,23100.0,22,Female,555
BOR100747,Agriculture,Nairobi,2019-04-02,131,89600.0,6,Male,466
BOR100748,Agriculture,Eldoret,2016-05-13,79,57100.0,16,Male,698
BOR100749,Retail & Trade,Kisumu,2026-08-09,116,15000.0,1,Female,482
BOR100750,Construction,Eldoret,2015-04-07,93,50300.0,4,Female,672
BOR100751,Retail & Trade,Kisumu,2021-06-25,40,38900.0,24,Female,537
BOR100752,Retail & Trade,Mombasa,2015-03-05,88,220400.0,21,Male,744
BOR100753,Construction,Nairobi,2023-01-16,41,22200.0,6,Female,667
BOR100754,Services,Nairobi,2025-07-05,19,26700.0,4,Female,509
BOR100755,Manufacturing,Eldoret,2022-07-04,39,159100.0,20,Male,517
BOR100756,Transport & Logistics,Nairobi,2022-01-26,42,189000.0,24,Female,654
BOR100757,Manufacturing,Nairobi,2024-08-28,22,43400.0,5,Male,576
BOR100758,Retail & Trade,Nairobi,2026-05-14,6,47000.0,16,Female,585
BOR100759,Transport & Logistics,Nairobi,2025-01-20,137,112600.0,7,Female,715
BOR100760,Agriculture,Rural - Other,2017-09-13,75,15000.0,18,Female,533
BOR100761,Services,Mombasa,2021-07-28,60,19900.0,11,Female,608
BOR100762,Construction,Rural - Other,2024-07-20,135,60100.0,4,Female,686
BOR100763,Construction,Nairobi,2018-06-09,34,216400.0,8,Male,673
BOR100764,Manufacturing,Nakuru,2022-11-17,60,53900.0,13,Female,586
BOR100765,Transport & Logistics,Kisumu,2015-04-08,123,78500.0,20,Female,574
BOR100766,Services,Mombasa,2025-03-27,92,161700.0,1,Female,444
BOR100767,Manufacturing,Rural - Other,2022-03-02,59,319600.0,23,Female,505
BOR100768,Retail & Trade,Rural - Other,2023-09-02,39,48800.0,16,Male,629
BOR100769,Manufacturing,Rural - Other,2024-08-18,7,72300.0,22,Female,588
BOR100770,Services,Nairobi,2017-07-21,15,261800.0,23,Male,607
BOR100771,Construction,Nairobi,2020-04-03,25,25200.0,4,Female,694
BOR100772,Retail & Trade,Nakuru,2025-01-06,114,150100.0,3,Female,493
BOR100773,Transport & Logistics,Mombasa,2016-12-02,93,35900.0,19,Female,579
BOR100774,Construction,Eldoret,2024-08-05,64,78600.0,5,Female,617
BOR100775,Construction,Nakuru,2018-05-12,114,61700.0,4,Male,537
BOR100776,Manufacturing,Nakuru,2021-09-18,25,37400.0,12,Female,729
BOR100777,Retail & Trade,Rural - Other,2020-12-13,32,36700.0,22,Female,682
BOR100778,Agriculture,Eldoret,2023-01-04,58,88700.0,20,Male,626
BOR100779,Construction,Nairobi,2024-10-05,133,146800.0,13,Male,761
BOR100780,Construction,Nairobi,2019-01-26,90,66800.0,5,Male,465
BOR100781,Services,Nakuru,2017-01-01,123,76800.0,9,Male,599
BOR100782,Retail & Trade,Kisumu,2019-12-07,38,109100.0,17,Male,633
BOR100783,Retail & Trade,Nairobi,2022-02-21,123,37000.0,4,Male,518
BOR100784,Manufacturing,Mombasa,2023-10-03,13,122700.0,13,Male,627
BOR100785,Services,Eldoret,2023-10-16,35,129800.0,1,Female,500
BOR100786,Retail & Trade,Rural - Other,2018-12-19,77,452500.0,8,Male,662
BOR100787,Transport & Logistics,Nakuru,2025-12-02,10,56200.0,6,Female,695
BOR100788,Services,Mombasa,2015-12-21,124,53100.0,17,Male,625
BOR100789,Retail & Trade,Nairobi,2016-05-12,126,125300.0,22,Male,433
BOR100790,Retail & Trade,Kisumu,2015-04-16,79,129800.0,4,Female,513
BOR100791,Manufacturing,Mombasa,2025-10-22,46,50300.0,20,Male,651
BOR100792,Transport & Logistics,Nakuru,2017-02-06,17,55100.0,16,Male,602
BOR100793,Transport & Logistics,Eldoret,2022-01-06,90,106800.0,24,Female,358
BOR100794,Manufacturing,Nairobi,2024-06-25,79,41000.0,22,Male,712
BOR100795,Agriculture,Nairobi,2023-12-11,110,54900.0,3,Male,612
BOR100796,Construction,Nairobi,2026-01-26,88,77900.0,18,Male,526
BOR100797,Manufacturing,Rural - Other,2015-08-18,21,146800.0,15,Female,690
BOR100798,Agriculture,Nakuru,2019-10-01,20,47900.0,3,Female,539
BOR100799,Manufacturing,Nairobi,2020-11-26,113,20100.0,7,Male,538
BOR100800,Retail & Trade,Rural - Other,2023-02-14,25,19100.0,23,Female,632
BOR100801,Agriculture,Kisumu,2022-04-07,136,30300.0,14,Female,760
BOR100802,Services,Kisumu,2021-07-13,18,29200.0,9,Female,746
BOR100803,Construction,Rural - Other,2018-07-31,106,65600.0,8,Female,632
BOR100804,Transport & Logistics,Nairobi,2016-03-29,141,31800.0,21,Male,642
BOR100805,Transport & Logistics,Nairobi,2020-01-14,65,44700.0,7,Male,671
BOR100806,Services,Nakuru,2018-01-11,11,42500.0,4,Male,487
BOR100807,Retail & Trade,Nairobi,2021-06-19,127,53700.0,14,Male,658
BOR100808,Manufacturing,Eldoret,2024-04-19,29,184600.0,24,Female,534
BOR100809,Construction,Nairobi,2021-06-12,77,116200.0,5,Female,629
BOR100810,Retail & Trade,Nairobi,2021-10-20,142,74000.0,7,Female,580
BOR100811,Construction,Nairobi,2015-06-28,108,53000.0,12,Female,645
BOR100812,Transport & Logistics,Kisumu,2022-07-09,9,54000.0,5,Female,611
BOR100813,Agriculture,Nairobi,2020-02-16,119,92000.0,16,Female,323
BOR100814,Transport & Logistics,Nairobi,2016-06-11,25,110100.0,7,Female,616
BOR100815,Construction,Rural - Other,2017-06-30,109,38700.0,4,Female,658
BOR100816,Retail & Trade,Mombasa,2024-02-09,91,75000.0,7,Male,640
BOR100817,Retail & Trade,Mombasa,2025-09-11,43,17600.0,23,Male,591
BOR100818,Services,Nairobi,2020-12-03,63,84800.0,23,Male,748
BOR100819,Construction,Mombasa,2026-05-24,19,124700.0,13,Male,628
BOR100820,Retail & Trade,Nairobi,2017-02-06,143,60100.0,10,Male,639
BOR100821,Services,Nakuru,2018-06-30,36,260800.0,20,Female,694
BOR100822,Retail & Trade,Nairobi,2025-11-07,46,39500.0,5,Male,633
BOR100823,Services,Rural - Other,2017-01-16,74,85200.0,16,Female,519
BOR100824,Services,Rural - Other,2022-09-10,98,71300.0,17,Female,381
BOR100825,Retail & Trade,Nairobi,2017-07-24,74,68200.0,18,Female,557
BOR100826,Transport & Logistics,Nairobi,2018-11-12,74,67500.0,6,Female,668
BOR100827,Construction,Nairobi,2020-07-28,85,78800.0,18,Female,568
BOR100828,Construction,Nakuru,2019-03-14,124,132400.0,15,Male,672
BOR100829,Retail & Trade,Nairobi,2025-03-15,59,191800.0,22,Male,613
BOR100830,Agriculture,Rural - Other,2026-05-08,121,73000.0,5,Male,716
BOR100831,Agriculture,Eldoret,2020-10-31,114,129400.0,15,Male,573
BOR100832,Manufacturing,Rural - Other,2021-02-15,139,44700.0,20,Male,642
BOR100833,Retail & Trade,Kisumu,2015-08-25,132,125000.0,7,Female,646
BOR100834,Construction,Rural - Other,2017-09-24,116,42900.0,18,Male,735
BOR100835,Transport & Logistics,Nairobi,2015-06-19,38,156900.0,3,Male,446
BOR100836,Transport & Logistics,Mombasa,2024-12-29,112,343700.0,18,Female,559
BOR100837,Agriculture,Mombasa,2017-08-26,107,67100.0,15,Female,676
BOR100838,Retail & Trade,Rural - Other,2018-12-22,44,15800.0,5,Male,739
BOR100839,Construction,Nakuru,2024-10-31,99,49800.0,2,Male,622
BOR100840,Agriculture,Rural - Other,2023-04-28,38,173200.0,18,Female,574
BOR100841,Services,Nairobi,2022-04-02,77,107700.0,6,Male,668
BOR100842,Construction,Rural - Other,2015-06-13,116,87100.0,12,Female,678
BOR100843,Retail & Trade,Kisumu,2021-07-26,29,148200.0,2,Female,568
BOR100844,Retail & Trade,Kisumu,2021-07-17,50,102700.0,24,Female,630
BOR100845,Retail & Trade,Rural - Other,2018-09-21,115,171500.0,14,Female,706
BOR100846,Retail & Trade,Mombasa,2023-09-10,67,139200.0,23,Male,770
BOR100847,Retail & Trade,Mombasa,2025-11-04,139,212200.0,4,Female,667
BOR100848,Transport & Logistics,Nakuru,2018-01-08,4,94000.0,5,Male,604
BOR100849,Services,Nairobi,2018-11-12,105,137800.0,15,Female,595
