loan_id,borrower_id,disbursement_date,loan_amount_kes,loan_term_months,interest_rate,product_type,loan_officer_id,disbursement_channel
LN200001,BOR100000,2025-02-14,78000.0,12,0.199,Working Capital,LO023,Mobile App
LN200002,BOR100000,2026-02-26,41000.0,3,0.159,Working Capital,LO014,Mobile App
LN200003,BOR100001,2025-12-07,277000.0,18,0.17,Invoice Discounting,LO016,Branch
LN200004,BOR100002,2026-01-11,36000.0,3,0.206,Asset Finance,LO021,Partner Referral
LN200005,BOR100003,2025-12-28,56000.0,3,0.121,Working Capital,LO001,Branch
LN200006,BOR100004,2025-10-19,424000.0,3,0.127,Working Capital,LO004,Mobile App
LN200007,BOR100005,2026-05-16,258000.0,9,0.202,Invoice Discounting,LO019,Branch
LN200008,BOR100006,2025-03-12,49000.0,6,0.21,Invoice Discounting,LO006,Mobile App
LN200009,BOR100006,2026-04-16,35000.0,6,0.122,Working Capital,LO005,Mobile App
LN200010,BOR100007,2025-03-31,78000.0,6,0.236,Working Capital,LO002,Partner Referral
LN200011,BOR100007,2025-12-23,48000.0,6,0.155,Working Capital,LO002,Mobile App
LN200012,BOR100008,2025-03-12,96000.0,3,0.173,Working Capital,LO024,Mobile App
LN200013,BOR100009,2025-03-21,183000.0,12,0.169,Working Capital,LO009,Branch
LN200014,BOR100010,2025-08-23,56000.0,3,0.188,Working Capital,LO007,Mobile App
LN200015,BOR100011,2025-03-22,111000.0,6,0.181,Working Capital,LO011,Mobile App
LN200016,BOR100012,2025-04-27,22000.0,3,0.216,Working Capital,LO012,Partner Referral
LN200017,BOR100012,2026-08-01,20000.0,6,0.198,Working Capital,LO016,Branch
LN200018,BOR100013,2026-05-21,85000.0,3,0.224,Working Capital,LO023,Partner Referral
LN200019,BOR100014,2025-10-01,197000.0,12,0.166,Invoice Discounting,LO024,Branch
LN200020,BOR100015,2026-06-21,133000.0,9,0.156,Working Capital,LO018,Partner Referral
LN200021,BOR100016,2026-07-02,34000.0,12,0.157,Working Capital,LO005,Branch
LN200022,BOR100017,2026-01-02,262000.0,9,0.19,Invoice Discounting,LO012,Partner Referral
LN200023,BOR100018,2025-07-03,146000.0,9,0.207,Working Capital,LO007,Mobile App
LN200024,BOR100019,2025-07-27,36000.0,6,0.154,Invoice Discounting,LO016,Mobile App
LN200025,BOR100020,2026-07-17,71000.0,6,0.125,Asset Finance,LO009,Partner Referral
LN200026,BOR100021,2026-03-18,50000.0,9,0.125,Working Capital,LO009,Mobile App
LN200027,BOR100022,2026-06-17,39000.0,6,0.212,Invoice Discounting,LO016,Branch
LN200028,BOR100023,2025-09-16,84000.0,12,0.2,Working Capital,LO005,Partner Referral
LN200029,BOR100024,2026-05-21,257000.0,12,0.156,Working Capital,LO009,Mobile App
LN200030,BOR100025,2026-03-11,96000.0,3,0.21,Asset Finance,LO019,Branch
LN200032,BOR100026,2026-01-12,138000.0,9,0.164,Invoice Discounting,LO008,Branch
LN200034,BOR100027,2026-05-06,106000.0,12,0.171,Invoice Discounting,LO004,Branch
LN200035,BOR100028,2025-01-14,48000.0,18,0.192,Working Capital,LO008,Branch
LN200036,BOR100028,2026-03-23,76000.0,9,0.219,Working Capital,LO006,Branch
LN200037,BOR100029,2025-05-07,121000.0,3,0.13,Working Capital,LO005,Mobile App
LN200038,BOR100029,2025-11-20,143000.0,6,0.176,Asset Finance,LO024,Mobile App
LN200039,BOR100030,2025-06-28,77000.0,9,0.202,Working Capital,LO008,Mobile App
LN200040,BOR100031,2026-03-02,55000.0,9,0.14,Asset Finance,LO004,Mobile App
LN200041,BOR100032,2026-06-03,20000.0,6,0.207,Asset Finance,LO007,Mobile App
LN200043,BOR100033,2025-01-19,32000.0,6,0.179,Working Capital,LO020,Mobile App
LN200044,BOR100033,2026-07-05,53000.0,18,0.231,Asset Finance,LO024,Branch
LN200046,BOR100034,2025-07-26,88000.0,6,0.131,Asset Finance,LO013,Mobile App
LN200047,BOR100035,2026-04-25,57000.0,3,0.218,Working Capital,LO001,Partner Referral
LN200049,BOR100036,2025-05-21,123000.0,6,0.121,Working Capital,LO021,Branch
LN200050,BOR100037,2026-06-02,42000.0,6,0.198,Invoice Discounting,LO005,Mobile App
LN200052,BOR100038,2025-02-06,678000.0,3,0.127,Working Capital,LO008,Branch
LN200053,BOR100039,2026-04-14,34000.0,3,0.128,Working Capital,LO016,Mobile App
LN200054,BOR100040,2026-06-30,107000.0,3,0.189,Working Capital,LO017,Mobile App
LN200055,BOR100041,2026-08-01,66000.0,6,0.23,Working Capital,LO020,Mobile App
LN200056,BOR100042,2026-05-24,84000.0,6,0.148,Asset Finance,LO021,Partner Referral
LN200057,BOR100043,2025-07-06,44000.0,6,0.151,Invoice Discounting,LO022,Branch
LN200058,BOR100044,2025-04-09,20000.0,12,0.14,Asset Finance,LO012,Branch
LN200059,BOR100045,2025-08-20,112000.0,6,0.159,Working Capital,LO009,Partner Referral
LN200060,BOR100046,2025-03-05,407000.0,3,0.173,Working Capital,LO008,Mobile App
LN200061,BOR100047,2025-05-25,54000.0,12,0.144,Working Capital,LO004,Partner Referral
LN200062,BOR100048,2026-07-06,96000.0,6,0.221,Invoice Discounting,LO010,Mobile App
LN200063,BOR100049,2026-03-11,320000.0,3,0.186,Working Capital,LO001,Branch
LN200064,BOR100050,2025-12-12,102000.0,18,0.201,Working Capital,LO004,Mobile App
LN200065,BOR100051,2025-09-20,79000.0,3,0.225,Working Capital,LO022,Mobile App
LN200066,BOR100052,2025-06-24,20000.0,18,0.132,Working Capital,LO007,Partner Referral
LN200067,BOR100053,2025-04-11,95000.0,3,0.226,Asset Finance,LO002,Mobile App
LN200068,BOR100054,2025-03-27,49000.0,6,0.238,Invoice Discounting,LO015,Partner Referral
LN200069,BOR100055,2026-01-27,38000.0,6,0.206,Asset Finance,LO019,Partner Referral
LN200071,BOR100056,2025-02-10,98000.0,9,0.215,Working Capital,LO008,Branch
LN200072,BOR100057,2026-06-12,58000.0,12,0.189,Asset Finance,LO015,Mobile App
LN200073,BOR100058,2025-08-26,72000.0,12,0.187,Invoice Discounting,LO002,Mobile App
LN200074,BOR100059,2025-11-15,191000.0,3,0.154,Asset Finance,LO011,Branch
LN200075,BOR100060,2026-05-19,44000.0,12,0.128,Working Capital,LO006,Mobile App
LN200076,BOR100061,2025-11-12,233000.0,3,0.208,Asset Finance,LO017,Branch
LN200077,BOR100062,2026-01-07,33000.0,3,0.129,Working Capital,LO008,Mobile App
LN200078,BOR100063,2025-10-24,67000.0,3,0.167,Asset Finance,LO007,Branch
LN200079,BOR100064,2025-01-31,418000.0,3,0.13,Asset Finance,LO010,Mobile App
LN200080,BOR100064,2025-08-09,423000.0,6,0.163,Invoice Discounting,LO010,Mobile App
LN200081,BOR100065,2025-06-16,285000.0,3,0.17,Asset Finance,LO014,Branch
LN200082,BOR100065,2025-09-30,151000.0,9,0.227,Working Capital,LO004,Branch
LN200083,BOR100066,2026-07-15,112000.0,6,0.182,Invoice Discounting,LO016,Partner Referral
LN200085,BOR100067,2025-04-06,75000.0,6,0.165,Asset Finance,LO022,Branch
LN200086,BOR100068,2025-04-11,42000.0,3,0.212,Working Capital,LO003,Branch
LN200087,BOR100069,2026-05-31,137000.0,12,0.155,Working Capital,LO005,Partner Referral
LN200088,BOR100070,2025-03-13,50000.0,12,0.128,Working Capital,LO024,Branch
LN200089,BOR100070,2025-10-22,45000.0,12,0.194,Invoice Discounting,LO011,Branch
LN200090,BOR100071,2025-07-05,57000.0,3,0.219,Asset Finance,LO025,Partner Referral
LN200091,BOR100072,2026-07-18,44000.0,3,0.227,Asset Finance,LO003,Partner Referral
LN200092,BOR100073,2026-03-21,63000.0,12,0.153,Working Capital,LO017,Partner Referral
LN200093,BOR100073,2026-07-17,133000.0,3,0.194,Invoice Discounting,LO025,Partner Referral
LN200094,BOR100074,2026-01-22,49000.0,9,0.228,Asset Finance,LO010,Mobile App
LN200095,BOR100075,2026-01-29,109000.0,18,0.124,Invoice Discounting,LO019,Branch
LN200096,BOR100076,2025-08-10,103000.0,9,0.179,Working Capital,LO011,Mobile App
LN200097,BOR100076,2026-05-13,289000.0,9,0.176,Invoice Discounting,LO003,Mobile App
LN200098,BOR100077,2026-04-29,52000.0,9,0.225,Working Capital,LO016,Mobile App
LN200099,BOR100078,2025-07-06,92000.0,9,0.207,Working Capital,LO006,Mobile App
LN200100,BOR100079,2026-05-14,38000.0,12,0.209,Working Capital,LO025,Partner Referral
LN200102,BOR100080,2026-04-16,132000.0,12,0.136,Working Capital,LO005,Branch
LN200103,BOR100080,2026-07-07,128000.0,12,0.168,Working Capital,LO016,Mobile App
LN200104,BOR100081,2026-01-31,97000.0,6,0.205,Asset Finance,LO020,Partner Referral
LN200105,BOR100082,2025-07-15,340000.0,3,0.206,Working Capital,LO019,Branch
LN200106,BOR100083,2025-05-24,125000.0,6,0.204,Working Capital,LO008,Partner Referral
LN200107,BOR100083,2026-05-13,80000.0,6,0.202,Working Capital,LO019,Branch
LN200108,BOR100084,2025-05-24,31000.0,6,0.198,Asset Finance,LO016,Mobile App
LN200109,BOR100084,2026-07-07,24000.0,6,0.165,Working Capital,LO022,Mobile App
LN200110,BOR100085,2026-01-07,246000.0,12,0.146,Working Capital,LO015,Mobile App
LN200111,BOR100086,2026-01-29,39000.0,3,0.125,Invoice Discounting,LO025,Partner Referral
LN200113,BOR100087,2025-12-03,74000.0,6,0.124,Asset Finance,LO008,Branch
LN200114,BOR100088,2026-01-09,156000.0,12,0.135,Working Capital,LO006,Branch
LN200115,BOR100089,2025-04-23,40000.0,3,0.177,Working Capital,LO014,Mobile App
LN200116,BOR100090,2025-12-18,120000.0,6,0.214,Working Capital,LO018,Mobile App
LN200118,BOR100091,2025-08-13,27000.0,12,0.236,Working Capital,LO007,Branch
LN200119,BOR100092,2025-11-06,33000.0,12,0.221,Working Capital,LO022,Branch
LN200120,BOR100093,2025-04-30,86000.0,3,0.176,Working Capital,LO021,Partner Referral
LN200121,BOR100094,2025-03-20,105000.0,3,0.133,Working Capital,LO016,Branch
LN200122,BOR100095,2025-12-28,288000.0,12,0.224,Asset Finance,LO007,Mobile App
LN200123,BOR100096,2026-02-10,165000.0,6,0.14,Asset Finance,LO001,Partner Referral
LN200124,BOR100097,2026-01-08,223000.0,18,0.157,Working Capital,LO022,Mobile App
LN200125,BOR100097,2026-04-29,283000.0,3,0.199,Asset Finance,LO025,Branch
LN200126,BOR100098,2026-04-29,202000.0,12,0.152,Working Capital,LO005,Branch
LN200127,BOR100099,2025-02-02,45000.0,6,0.175,Asset Finance,LO021,Mobile App
LN200128,BOR100100,2025-01-27,126000.0,3,0.157,Working Capital,LO022,Mobile App
LN200129,BOR100101,2025-01-09,29000.0,9,0.213,Working Capital,LO004,Branch
LN200130,BOR100102,2025-06-15,60000.0,3,0.239,Working Capital,LO005,Mobile App
LN200131,BOR100102,2026-06-05,69000.0,3,0.18,Working Capital,LO019,Branch
LN200132,BOR100103,2025-12-20,27000.0,6,0.165,Asset Finance,LO009,Partner Referral
LN200134,BOR100104,2025-10-07,71000.0,18,0.189,Asset Finance,LO003,Branch
LN200135,BOR100105,2025-08-06,45000.0,12,0.134,Invoice Discounting,LO015,Mobile App
LN200136,BOR100105,2026-04-26,68000.0,9,0.214,Working Capital,LO002,Partner Referral
LN200137,BOR100106,2026-07-16,47000.0,9,0.127,Working Capital,LO018,Mobile App
LN200139,BOR100107,2026-04-21,63000.0,18,0.136,Invoice Discounting,LO017,Partner Referral
LN200141,BOR100108,2026-04-01,105000.0,18,0.164,Working Capital,LO004,Mobile App
LN200142,BOR100108,2026-07-18,263000.0,18,0.229,Working Capital,LO005,Mobile App
LN200143,BOR100109,2025-06-14,70000.0,3,0.24,Working Capital,LO020,Mobile App
LN200144,BOR100110,2025-11-02,708000.0,6,0.172,Working Capital,LO004,Partner Referral
LN200145,BOR100111,2025-11-12,39000.0,3,0.188,Working Capital,LO006,Partner Referral
LN200146,BOR100112,2026-04-13,91000.0,3,0.16,Working Capital,LO024,Mobile App
LN200147,BOR100113,2026-05-18,61000.0,3,0.126,Working Capital,LO011,Mobile App
LN200148,BOR100114,2025-01-08,268000.0,9,0.128,Working Capital,LO003,Mobile App
LN200149,BOR100114,2025-10-10,160000.0,3,0.216,Asset Finance,LO001,Mobile App
LN200150,BOR100115,2026-05-07,112000.0,3,0.194,Asset Finance,LO009,Branch
LN200151,BOR100116,2026-02-24,143000.0,6,0.137,Working Capital,LO010,Branch
LN200153,BOR100117,2025-04-25,61000.0,6,0.238,Invoice Discounting,LO001,Mobile App
LN200154,BOR100117,2026-07-08,27000.0,6,0.234,Working Capital,LO016,Mobile App
LN200155,BOR100118,2025-10-01,42000.0,12,0.127,Working Capital,LO010,Mobile App
LN200156,BOR100118,2026-05-24,88000.0,3,0.149,Working Capital,LO025,Branch
LN200157,BOR100119,2025-01-04,58000.0,9,0.152,Working Capital,LO007,Mobile App
LN200158,BOR100120,2025-07-10,256000.0,3,0.143,Working Capital,LO019,Mobile App
LN200159,BOR100120,2026-02-22,369000.0,9,0.159,Asset Finance,LO017,Partner Referral
LN200161,BOR100121,2026-02-28,126000.0,6,0.171,Asset Finance,LO006,Mobile App
LN200162,BOR100121,2026-06-24,216000.0,18,0.187,Working Capital,LO002,Mobile App
LN200163,BOR100122,2025-06-11,100000.0,9,0.161,Asset Finance,LO023,Branch
LN200164,BOR100123,2025-08-17,20000.0,6,0.239,Working Capital,LO011,Branch
LN200165,BOR100123,2026-04-06,20000.0,6,0.183,Working Capital,LO010,Branch
LN200167,BOR100124,2025-02-21,57000.0,6,0.193,Asset Finance,LO019,Partner Referral
LN200168,BOR100125,2026-05-23,143000.0,3,0.215,Working Capital,LO005,Mobile App
LN200169,BOR100126,2026-07-12,248000.0,6,0.142,Working Capital,LO025,Mobile App
LN200170,BOR100127,2025-08-12,308000.0,3,0.124,Working Capital,LO010,Branch
LN200171,BOR100128,2025-12-31,34000.0,3,0.203,Working Capital,LO015,Mobile App
LN200172,BOR100129,2025-08-23,68000.0,9,0.181,Working Capital,LO012,Mobile App
LN200173,BOR100130,2025-03-31,304000.0,6,0.179,Working Capital,LO008,Partner Referral
LN200174,BOR100131,2025-09-11,37000.0,6,0.221,Working Capital,LO009,Branch
LN200175,BOR100132,2025-01-13,57000.0,12,0.131,Working Capital,LO005,Partner Referral
LN200176,BOR100133,2025-07-24,75000.0,12,0.172,Working Capital,LO016,Mobile App
LN200177,BOR100133,2026-07-10,61000.0,9,0.178,Invoice Discounting,LO018,Partner Referral
LN200179,BOR100134,2026-01-16,114000.0,6,0.129,Asset Finance,LO002,Partner Referral
LN200180,BOR100135,2025-04-08,30000.0,3,0.123,Working Capital,LO001,Mobile App
LN200181,BOR100136,2026-01-19,35000.0,9,0.212,Asset Finance,LO006,Mobile App
LN200183,BOR100137,2025-08-14,79000.0,9,0.236,Invoice Discounting,LO007,Partner Referral
LN200184,BOR100138,2025-07-13,144000.0,12,0.136,Invoice Discounting,LO003,Partner Referral
LN200185,BOR100138,2026-07-21,56000.0,18,0.18,Working Capital,LO017,Branch
LN200186,BOR100139,2025-07-15,96000.0,9,0.162,Working Capital,LO019,Branch
LN200187,BOR100140,2025-07-07,90000.0,3,0.181,Invoice Discounting,LO022,Branch
LN200188,BOR100141,2026-05-25,81000.0,3,0.224,Asset Finance,LO013,Mobile App
LN200190,BOR100142,2025-12-12,118000.0,9,0.15,Invoice Discounting,LO012,Partner Referral
LN200191,BOR100143,2025-09-10,68000.0,9,0.171,Working Capital,LO015,Mobile App
LN200192,BOR100144,2025-07-14,110000.0,12,0.174,Invoice Discounting,LO011,Branch
LN200193,BOR100144,2026-07-23,92000.0,6,0.213,Asset Finance,LO024,Partner Referral
LN200194,BOR100145,2025-08-15,83000.0,6,0.233,Working Capital,LO011,Branch
LN200195,BOR100145,2026-05-19,108000.0,9,0.135,Working Capital,LO024,Mobile App
LN200196,BOR100146,2026-05-18,32000.0,9,0.226,Working Capital,LO007,Partner Referral
LN200197,BOR100147,2025-01-30,102000.0,3,0.225,Working Capital,LO007,Mobile App
LN200198,BOR100147,2026-01-01,182000.0,9,0.141,Invoice Discounting,LO018,Partner Referral
LN200199,BOR100148,2025-03-24,54000.0,3,0.195,Invoice Discounting,LO004,Mobile App
LN200200,BOR100149,2025-08-07,57000.0,12,0.187,Asset Finance,LO016,Partner Referral
LN200201,BOR100150,2025-07-01,119000.0,6,0.207,Working Capital,LO006,Partner Referral
LN200202,BOR100151,2025-09-21,33000.0,3,0.172,Working Capital,LO017,Partner Referral
LN200203,BOR100152,2026-06-23,37000.0,3,0.203,Working Capital,LO004,Mobile App
LN200204,BOR100153,2026-02-06,48000.0,3,0.134,Asset Finance,LO017,Mobile App
LN200205,BOR100154,2026-06-20,50000.0,6,0.23,Working Capital,LO004,Branch
LN200206,BOR100155,2025-03-11,122000.0,12,0.179,Working Capital,LO013,Partner Referral
LN200207,BOR100156,2026-04-08,89000.0,3,0.176,Working Capital,LO021,Branch
LN200209,BOR100157,2026-03-16,112000.0,6,0.2,Working Capital,LO025,Mobile App
LN200210,BOR100158,2026-03-08,124000.0,9,0.209,Working Capital,LO009,Mobile App
LN200212,BOR100159,2025-08-24,218000.0,9,0.224,Working Capital,LO022,Mobile App
LN200213,BOR100160,2026-03-19,35000.0,3,0.215,Asset Finance,LO025,Mobile App
LN200214,BOR100161,2025-09-02,33000.0,6,0.208,Asset Finance,LO009,Partner Referral
LN200215,BOR100162,2026-06-10,274000.0,3,0.151,Asset Finance,LO007,Branch
LN200217,BOR100163,2026-05-06,215000.0,3,0.177,Invoice Discounting,LO005,Branch
LN200218,BOR100164,2025-08-05,229000.0,9,0.213,Working Capital,LO005,Partner Referral
LN200219,BOR100164,2025-12-23,211000.0,9,0.138,Asset Finance,LO002,Mobile App
LN200220,BOR100165,2025-04-29,63000.0,9,0.145,Working Capital,LO004,Mobile App
LN200221,BOR100165,2026-07-20,34000.0,3,0.161,Working Capital,LO004,Mobile App
LN200222,BOR100166,2026-08-01,113000.0,3,0.239,Working Capital,LO008,Mobile App
LN200223,BOR100167,2026-02-12,200000.0,3,0.181,Working Capital,LO024,Partner Referral
LN200224,BOR100168,2026-03-06,205000.0,6,0.221,Invoice Discounting,LO025,Branch
LN200225,BOR100169,2025-01-21,36000.0,12,0.221,Working Capital,LO024,Mobile App
LN200226,BOR100169,2025-06-11,79000.0,3,0.148,Invoice Discounting,LO010,Mobile App
LN200227,BOR100170,2025-03-05,104000.0,6,0.189,Invoice Discounting,LO003,Branch
LN200228,BOR100171,2026-03-12,197000.0,6,0.193,Asset Finance,LO023,Mobile App
LN200229,BOR100172,2025-04-25,162000.0,18,0.218,Asset Finance,LO012,Branch
LN200230,BOR100173,2025-05-19,20000.0,6,0.236,Working Capital,LO005,Partner Referral
LN200231,BOR100173,2026-02-26,42000.0,9,0.216,Working Capital,LO025,Mobile App
LN200232,BOR100174,2026-08-01,114000.0,3,0.122,Working Capital,LO022,Mobile App
LN200233,BOR100175,2025-03-08,216000.0,3,0.147,Asset Finance,LO014,Mobile App
LN200234,BOR100176,2025-03-04,54000.0,6,0.238,Working Capital,LO019,Mobile App
LN200235,BOR100176,2025-08-11,146000.0,6,0.153,Working Capital,LO022,Mobile App
LN200236,BOR100177,2025-12-23,127000.0,9,0.144,Invoice Discounting,LO001,Branch
LN200237,BOR100178,2025-12-18,113000.0,9,0.152,Invoice Discounting,LO002,Mobile App
LN200238,BOR100179,2025-07-08,389000.0,3,0.145,Working Capital,LO020,Mobile App
LN200239,BOR100179,2026-05-20,112000.0,3,0.23,Working Capital,LO005,Branch
LN200240,BOR100180,2025-06-29,54000.0,6,0.165,Asset Finance,LO004,Partner Referral
LN200241,BOR100180,2026-04-17,78000.0,6,0.136,Working Capital,LO020,Partner Referral
LN200243,BOR100181,2025-05-28,40000.0,6,0.221,Invoice Discounting,LO001,Mobile App
LN200244,BOR100181,2026-04-13,36000.0,9,0.172,Working Capital,LO013,Partner Referral
LN200245,BOR100182,2025-02-28,111000.0,12,0.219,Asset Finance,LO012,Mobile App
LN200246,BOR100183,2025-01-16,177000.0,9,0.174,Invoice Discounting,LO024,Mobile App
LN200247,BOR100184,2026-05-25,28000.0,6,0.135,Working Capital,LO021,Branch
LN200249,BOR100185,2025-11-18,21000.0,18,0.175,Asset Finance,LO023,Mobile App
LN200250,BOR100186,2025-10-13,20000.0,3,0.223,Asset Finance,LO023,Branch
LN200251,BOR100187,2025-06-29,144000.0,9,0.195,Invoice Discounting,LO010,Mobile App
LN200252,BOR100188,2025-09-17,41000.0,3,0.167,Working Capital,LO009,Mobile App
LN200253,BOR100189,2025-01-20,80000.0,12,0.222,Asset Finance,LO006,Mobile App
LN200254,BOR100189,2026-03-17,103000.0,9,0.16,Working Capital,LO025,Branch
LN200255,BOR100190,2025-06-26,78000.0,3,0.193,Working Capital,LO002,Branch
LN200256,BOR100191,2025-03-06,85000.0,6,0.229,Working Capital,LO018,Mobile App
LN200257,BOR100192,2025-07-29,79000.0,6,0.125,Invoice Discounting,LO020,Branch
LN200258,BOR100193,2026-07-09,114000.0,9,0.177,Working Capital,LO017,Partner Referral
LN200260,BOR100194,2025-08-15,253000.0,6,0.182,Asset Finance,LO014,Mobile App
LN200261,BOR100195,2025-08-11,117000.0,9,0.166,Working Capital,LO015,Mobile App
LN200262,BOR100196,2025-12-23,78000.0,6,0.211,Working Capital,LO007,Mobile App
LN200263,BOR100197,2026-05-05,102000.0,9,0.187,Asset Finance,LO013,Mobile App
LN200264,BOR100198,2026-03-23,247000.0,6,0.179,Working Capital,LO022,Partner Referral
LN200265,BOR100199,2025-08-08,118000.0,18,0.215,Working Capital,LO020,Mobile App
LN200266,BOR100199,2025-11-27,80000.0,6,0.196,Working Capital,LO009,Mobile App
LN200267,BOR100200,2025-01-15,37000.0,18,0.124,Asset Finance,LO025,Branch
LN200268,BOR100201,2026-03-02,204000.0,9,0.179,Invoice Discounting,LO001,Branch
LN200269,BOR100202,2026-04-03,20000.0,3,0.196,Working Capital,LO025,Partner Referral
LN200270,BOR100203,2026-02-24,212000.0,9,0.192,Invoice Discounting,LO018,Mobile App
LN200272,BOR100204,2025-05-09,328000.0,18,0.165,Working Capital,LO015,Mobile App
LN200273,BOR100205,2026-02-14,95000.0,3,0.146,Working Capital,LO006,Mobile App
LN200274,BOR100206,2025-03-06,114000.0,6,0.163,Working Capital,LO008,Mobile App
LN200275,BOR100206,2026-01-25,119000.0,9,0.173,Asset Finance,LO017,Mobile App
LN200276,BOR100207,2025-08-31,104000.0,6,0.133,Working Capital,LO013,Mobile App
LN200277,BOR100208,2025-10-06,250000.0,18,0.171,Invoice Discounting,LO010,Mobile App
LN200278,BOR100209,2025-09-12,34000.0,6,0.145,Asset Finance,LO016,Mobile App
LN200279,BOR100210,2026-04-27,182000.0,9,0.163,Working Capital,LO024,Branch
LN200280,BOR100211,2026-05-01,238000.0,12,0.217,Working Capital,LO008,Partner Referral
LN200281,BOR100212,2025-09-10,87000.0,9,0.21,Asset Finance,LO019,Partner Referral
LN200282,BOR100213,2025-01-27,84000.0,9,0.215,Working Capital,LO017,Mobile App
LN200283,BOR100214,2025-11-15,65000.0,6,0.157,Working Capital,LO009,Partner Referral
LN200284,BOR100215,2025-08-28,55000.0,9,0.205,Asset Finance,LO019,Partner Referral
LN200285,BOR100216,2026-01-09,27000.0,9,0.186,Working Capital,LO002,Branch
LN200286,BOR100217,2026-03-23,209000.0,9,0.227,Asset Finance,LO020,Branch
LN200287,BOR100218,2025-08-08,340000.0,9,0.155,Asset Finance,LO003,Branch
LN200288,BOR100218,2026-02-08,207000.0,6,0.189,Invoice Discounting,LO011,Mobile App
LN200289,BOR100218,2026-07-29,393000.0,3,0.188,Working Capital,LO015,Branch
LN200290,BOR100219,2026-02-11,108000.0,9,0.218,Invoice Discounting,LO007,Mobile App
LN200291,BOR100220,2025-01-02,23000.0,18,0.212,Invoice Discounting,LO018,Mobile App
LN200292,BOR100220,2026-03-28,20000.0,3,0.127,Asset Finance,LO024,Mobile App
LN200293,BOR100221,2025-03-15,234000.0,12,0.208,Working Capital,LO014,Partner Referral
LN200294,BOR100221,2026-02-02,184000.0,12,0.183,Asset Finance,LO019,Partner Referral
LN200295,BOR100222,2026-04-29,277000.0,3,0.129,Working Capital,LO021,Partner Referral
LN200296,BOR100223,2025-08-17,61000.0,18,0.123,Working Capital,LO018,Mobile App
LN200297,BOR100224,2025-10-23,104000.0,6,0.132,Invoice Discounting,LO025,Branch
LN200298,BOR100225,2025-02-16,20000.0,12,0.147,Asset Finance,LO007,Mobile App
LN200299,BOR100226,2025-11-04,155000.0,3,0.226,Asset Finance,LO005,Partner Referral
LN200300,BOR100227,2025-01-12,74000.0,3,0.235,Working Capital,LO005,Mobile App
LN200301,BOR100228,2025-08-29,74000.0,18,0.164,Working Capital,LO013,Mobile App
LN200302,BOR100229,2025-02-13,37000.0,3,0.169,Invoice Discounting,LO010,Mobile App
LN200303,BOR100230,2025-02-10,201000.0,6,0.206,Working Capital,LO007,Partner Referral
LN200304,BOR100231,2025-01-09,152000.0,3,0.184,Asset Finance,LO018,Branch
LN200305,BOR100232,2026-04-16,90000.0,3,0.217,Invoice Discounting,LO006,Partner Referral
LN200306,BOR100233,2026-05-25,58000.0,12,0.153,Asset Finance,LO006,Mobile App
LN200308,BOR100234,2025-07-09,29000.0,12,0.201,Asset Finance,LO001,Mobile App
LN200309,BOR100235,2025-06-02,65000.0,3,0.151,Working Capital,LO021,Mobile App
LN200310,BOR100236,2025-11-27,71000.0,9,0.16,Working Capital,LO011,Partner Referral
LN200311,BOR100237,2025-03-27,46000.0,6,0.228,Asset Finance,LO015,Branch
LN200312,BOR100238,2025-08-10,51000.0,6,0.235,Asset Finance,LO015,Mobile App
LN200313,BOR100239,2026-05-17,104000.0,6,0.157,Working Capital,LO025,Branch
LN200315,BOR100240,2026-07-24,25000.0,9,0.148,Working Capital,LO011,Branch
LN200316,BOR100241,2025-12-15,33000.0,12,0.222,Asset Finance,LO011,Branch
LN200317,BOR100242,2025-07-22,224000.0,9,0.208,Asset Finance,LO020,Partner Referral
LN200318,BOR100243,2026-06-10,237000.0,12,0.143,Asset Finance,LO021,Mobile App
LN200319,BOR100244,2025-07-23,139000.0,12,0.17,Asset Finance,LO012,Branch
LN200320,BOR100245,2025-10-11,161000.0,6,0.208,Working Capital,LO014,Branch
LN200321,BOR100246,2025-03-22,67000.0,18,0.159,Working Capital,LO001,Mobile App
LN200322,BOR100247,2025-08-11,89000.0,3,0.151,Working Capital,LO018,Mobile App
LN200323,BOR100248,2025-11-22,117000.0,6,0.179,Working Capital,LO017,Branch
LN200324,BOR100249,2025-12-22,88000.0,9,0.165,Invoice Discounting,LO004,Mobile App
LN200325,BOR100249,2026-07-28,62000.0,9,0.185,Invoice Discounting,LO002,Mobile App
LN200327,BOR100250,2025-11-29,151000.0,9,0.218,Asset Finance,LO013,Mobile App
LN200328,BOR100251,2026-06-03,37000.0,3,0.144,Working Capital,LO018,Branch
LN200329,BOR100252,2025-10-23,109000.0,3,0.143,Working Capital,LO017,Partner Referral
LN200330,BOR100253,2025-02-25,165000.0,6,0.214,Working Capital,LO006,Mobile App
LN200331,BOR100254,2026-04-21,20000.0,9,0.204,Invoice Discounting,LO013,Partner Referral
LN200332,BOR100255,2026-02-10,309000.0,3,0.192,Invoice Discounting,LO025,Branch
LN200333,BOR100256,2025-06-19,20000.0,6,0.174,Asset Finance,LO022,Partner Referral
LN200334,BOR100257,2025-07-23,68000.0,12,0.123,Invoice Discounting,LO002,Branch
LN200335,BOR100257,2025-11-02,97000.0,9,0.163,Working Capital,LO007,Partner Referral
LN200336,BOR100258,2026-05-13,268000.0,9,0.167,Working Capital,LO009,Branch
LN200337,BOR100259,2026-01-15,45000.0,3,0.136,Asset Finance,LO004,Partner Referral
LN200339,BOR100260,2026-06-27,30000.0,3,0.152,Asset Finance,LO003,Partner Referral
LN200341,BOR100261,2025-03-25,22000.0,9,0.229,Invoice Discounting,LO010,Mobile App
LN200342,BOR100262,2026-01-07,211000.0,6,0.174,Invoice Discounting,LO001,Branch
LN200343,BOR100263,2025-02-11,20000.0,6,0.168,Working Capital,LO019,Mobile App
LN200344,BOR100264,2025-12-24,206000.0,18,0.159,Invoice Discounting,LO006,Mobile App
LN200345,BOR100265,2025-01-28,77000.0,9,0.236,Invoice Discounting,LO010,Mobile App
LN200346,BOR100266,2025-09-05,35000.0,12,0.199,Working Capital,LO015,Partner Referral
LN200347,BOR100267,2025-08-13,99000.0,3,0.186,Working Capital,LO013,Partner Referral
LN200348,BOR100268,2025-06-14,39000.0,6,0.177,Working Capital,LO015,Mobile App
LN200349,BOR100269,2025-06-02,198000.0,18,0.179,Working Capital,LO023,Branch
LN200350,BOR100270,2025-08-11,160000.0,9,0.212,Working Capital,LO018,Partner Referral
LN200351,BOR100271,2026-06-03,40000.0,3,0.23,Working Capital,LO023,Mobile App
LN200352,BOR100272,2026-06-19,79000.0,12,0.138,Working Capital,LO002,Partner Referral
LN200354,BOR100273,2025-08-24,84000.0,6,0.128,Working Capital,LO009,Mobile App
LN200355,BOR100274,2025-08-30,159000.0,3,0.151,Working Capital,LO014,Mobile App
LN200356,BOR100274,2026-01-14,367000.0,12,0.167,Asset Finance,LO017,Partner Referral
LN200357,BOR100275,2025-07-04,30000.0,6,0.182,Working Capital,LO006,Mobile App
LN200358,BOR100275,2025-12-12,24000.0,9,0.212,Asset Finance,LO024,Branch
LN200359,BOR100276,2025-04-03,191000.0,12,0.225,Asset Finance,LO015,Mobile App
LN200360,BOR100277,2025-03-30,96000.0,6,0.21,Working Capital,LO003,Mobile App
LN200361,BOR100278,2025-11-09,62000.0,18,0.198,Asset Finance,LO005,Branch
LN200362,BOR100278,2026-05-14,21000.0,6,0.163,Working Capital,LO003,Partner Referral
LN200364,BOR100279,2026-03-01,26000.0,3,0.198,Asset Finance,LO021,Branch
LN200365,BOR100279,2026-07-15,41000.0,6,0.158,Working Capital,LO007,Branch
LN200366,BOR100280,2025-08-30,78000.0,9,0.134,Working Capital,LO009,Mobile App
LN200367,BOR100280,2026-03-22,88000.0,12,0.12,Working Capital,LO015,Mobile App
LN200368,BOR100280,2026-06-03,33000.0,9,0.218,Asset Finance,LO010,Mobile App
LN200369,BOR100281,2025-07-24,29000.0,6,0.171,Working Capital,LO010,Branch
LN200370,BOR100282,2026-06-10,78000.0,12,0.215,Asset Finance,LO010,Mobile App
LN200372,BOR100283,2025-03-15,56000.0,18,0.133,Invoice Discounting,LO001,Partner Referral
LN200373,BOR100284,2026-06-21,20000.0,9,0.18,Working Capital,LO009,Branch
LN200375,BOR100285,2025-04-19,120000.0,9,0.222,Working Capital,LO019,Branch
LN200376,BOR100286,2025-12-26,35000.0,3,0.206,Working Capital,LO020,Partner Referral
LN200377,BOR100287,2025-10-24,26000.0,3,0.162,Working Capital,LO001,Mobile App
LN200378,BOR100288,2025-09-25,70000.0,12,0.166,Working Capital,LO023,Mobile App
LN200379,BOR100289,2025-04-10,42000.0,3,0.235,Working Capital,LO016,Partner Referral
LN200380,BOR100290,2025-10-21,342000.0,18,0.198,Working Capital,LO007,Branch
LN200381,BOR100291,2026-07-19,53000.0,3,0.121,Working Capital,LO008,Branch
LN200382,BOR100292,2026-05-27,179000.0,9,0.156,Working Capital,LO014,Partner Referral
LN200383,BOR100293,2025-07-05,20000.0,6,0.173,Invoice Discounting,LO003,Partner Referral
LN200384,BOR100293,2026-07-15,46000.0,12,0.198,Asset Finance,LO001,Partner Referral
LN200385,BOR100294,2025-05-05,94000.0,18,0.123,Working Capital,LO009,Mobile App
LN200386,BOR100295,2025-03-23,157000.0,3,0.187,Invoice Discounting,LO007,Mobile App
LN200387,BOR100296,2025-12-13,40000.0,6,0.229,Asset Finance,LO025,Partner Referral
LN200388,BOR100297,2025-05-07,234000.0,6,0.169,Invoice Discounting,LO016,Branch
LN200389,BOR100297,2026-08-01,204000.0,6,0.228,Invoice Discounting,LO001,Branch
LN200390,BOR100298,2026-07-24,57000.0,12,0.209,Working Capital,LO003,Mobile App
LN200391,BOR100299,2026-01-22,100000.0,6,0.207,Invoice Discounting,LO024,Mobile App
LN200392,BOR100300,2026-05-04,59000.0,3,0.127,Working Capital,LO005,Partner Referral
LN200394,BOR100301,2025-08-09,165000.0,9,0.189,Working Capital,LO021,Mobile App
LN200395,BOR100302,2026-02-08,53000.0,9,0.124,Invoice Discounting,LO013,Partner Referral
LN200396,BOR100303,2025-12-18,37000.0,6,0.166,Asset Finance,LO018,Mobile App
LN200397,BOR100304,2026-02-05,35000.0,6,0.146,Working Capital,LO021,Branch
LN200398,BOR100304,2026-07-16,89000.0,3,0.171,Asset Finance,LO005,Branch
LN200399,BOR100305,2026-07-28,79000.0,6,0.164,Working Capital,LO011,Branch
LN200401,BOR100306,2025-05-27,133000.0,6,0.183,Invoice Discounting,LO005,Mobile App
LN200402,BOR100306,2026-07-23,225000.0,18,0.2,Invoice Discounting,LO015,Partner Referral
LN200404,BOR100307,2026-02-06,98000.0,9,0.164,Working Capital,LO021,Mobile App
LN200405,BOR100308,2025-10-23,103000.0,3,0.158,Working Capital,LO011,Partner Referral
LN200406,BOR100309,2025-05-19,78000.0,6,0.197,Working Capital,LO015,Mobile App
LN200407,BOR100310,2025-04-23,208000.0,6,0.172,Working Capital,LO005,Branch
LN200408,BOR100311,2025-06-01,88000.0,3,0.22,Working Capital,LO006,Branch
LN200409,BOR100312,2025-09-03,70000.0,3,0.223,Invoice Discounting,LO005,Mobile App
LN200410,BOR100313,2025-08-04,127000.0,3,0.173,Asset Finance,LO007,Mobile App
LN200411,BOR100314,2025-02-10,299000.0,9,0.131,Working Capital,LO021,Mobile App
LN200412,BOR100315,2026-03-29,53000.0,12,0.19,Invoice Discounting,LO012,Branch
LN200413,BOR100316,2025-01-03,120000.0,12,0.228,Invoice Discounting,LO008,Partner Referral
LN200414,BOR100317,2025-01-27,21000.0,3,0.188,Working Capital,LO023,Mobile App
LN200415,BOR100318,2026-03-09,43000.0,9,0.207,Working Capital,LO007,Mobile App
LN200416,BOR100318,2026-08-01,56000.0,3,0.131,Asset Finance,LO017,Branch
LN200417,BOR100319,2026-07-05,186000.0,12,0.205,Working Capital,LO002,Mobile App
LN200418,BOR100320,2026-03-18,220000.0,6,0.203,Working Capital,LO023,Branch
LN200419,BOR100321,2026-05-05,66000.0,6,0.169,Asset Finance,LO022,Branch
LN200420,BOR100322,2026-01-02,47000.0,6,0.143,Invoice Discounting,LO017,Mobile App
LN200421,BOR100323,2026-04-10,137000.0,9,0.161,Working Capital,LO008,Mobile App
LN200422,BOR100324,2026-07-01,57000.0,9,0.186,Asset Finance,LO014,Branch
LN200423,BOR100325,2025-07-04,68000.0,6,0.189,Invoice Discounting,LO024,Mobile App
LN200424,BOR100326,2025-07-03,45000.0,12,0.217,Working Capital,LO015,Partner Referral
LN200425,BOR100326,2026-02-16,91000.0,9,0.161,Working Capital,LO018,Mobile App
LN200426,BOR100326,2026-07-15,119000.0,6,0.152,Asset Finance,LO018,Branch
LN200427,BOR100327,2025-02-10,83000.0,6,0.146,Working Capital,LO002,Branch
LN200428,BOR100328,2026-02-11,40000.0,6,0.215,Asset Finance,LO008,Mobile App
LN200429,BOR100328,2026-07-13,24000.0,9,0.135,Asset Finance,LO022,Mobile App
LN200430,BOR100329,2026-03-10,62000.0,3,0.203,Working Capital,LO012,Mobile App
LN200432,BOR100330,2025-01-26,20000.0,6,0.198,Working Capital,LO002,Partner Referral
LN200433,BOR100331,2026-03-26,102000.0,3,0.205,Working Capital,LO003,Mobile App
LN200434,BOR100331,2026-07-20,156000.0,9,0.184,Working Capital,LO008,Partner Referral
LN200435,BOR100332,2026-02-07,160000.0,9,0.129,Working Capital,LO004,Partner Referral
LN200436,BOR100333,2025-07-26,140000.0,18,0.235,Asset Finance,LO009,Mobile App
LN200437,BOR100334,2026-07-06,312000.0,6,0.137,Working Capital,LO021,Mobile App
LN200438,BOR100335,2026-06-17,46000.0,12,0.232,Invoice Discounting,LO023,Mobile App
LN200440,BOR100336,2026-01-12,186000.0,9,0.143,Invoice Discounting,LO008,Mobile App
LN200441,BOR100337,2025-04-17,131000.0,6,0.128,Asset Finance,LO020,Branch
LN200442,BOR100338,2025-04-09,59000.0,3,0.195,Working Capital,LO025,Mobile App
LN200443,BOR100339,2025-04-07,47000.0,9,0.232,Working Capital,LO001,Mobile App
LN200444,BOR100340,2025-08-28,692000.0,9,0.127,Asset Finance,LO016,Branch
LN200445,BOR100340,2026-05-13,723000.0,3,0.137,Working Capital,LO009,Mobile App
LN200446,BOR100341,2026-06-02,73000.0,12,0.222,Working Capital,LO018,Mobile App
LN200447,BOR100342,2025-08-11,24000.0,6,0.214,Working Capital,LO016,Partner Referral
LN200448,BOR100343,2025-10-23,117000.0,6,0.228,Invoice Discounting,LO024,Partner Referral
LN200449,BOR100343,2026-07-28,209000.0,3,0.234,Asset Finance,LO022,Partner Referral
LN200450,BOR100344,2026-01-21,172000.0,3,0.127,Invoice Discounting,LO003,Mobile App
LN200451,BOR100345,2025-07-16,40000.0,18,0.228,Working Capital,LO024,Mobile App
LN200452,BOR100346,2025-06-10,303000.0,6,0.221,Asset Finance,LO004,Partner Referral
LN200453,BOR100346,2026-04-11,81000.0,6,0.149,Asset Finance,LO018,Branch
LN200454,BOR100347,2025-06-21,65000.0,3,0.234,Asset Finance,LO009,Mobile App
LN200455,BOR100347,2026-01-11,119000.0,6,0.235,Working Capital,LO022,Branch
LN200456,BOR100348,2025-12-09,20000.0,6,0.224,Asset Finance,LO020,Mobile App
LN200457,BOR100349,2025-09-06,201000.0,3,0.221,Invoice Discounting,LO023,Partner Referral
LN200458,BOR100350,2025-09-22,163000.0,18,0.203,Asset Finance,LO023,Branch
LN200459,BOR100351,2025-08-16,45000.0,18,0.189,Asset Finance,LO010,Branch
LN200460,BOR100351,2026-04-21,43000.0,3,0.211,Asset Finance,LO023,Partner Referral
LN200461,BOR100352,2025-01-22,550000.0,3,0.171,Working Capital,LO004,Branch
LN200462,BOR100353,2025-08-03,60000.0,6,0.149,Invoice Discounting,LO012,Partner Referral
LN200463,BOR100354,2025-12-15,108000.0,3,0.135,Asset Finance,LO006,Partner Referral
LN200464,BOR100354,2026-08-01,49000.0,6,0.161,Working Capital,LO019,Mobile App
LN200466,BOR100355,2025-09-12,311000.0,3,0.174,Invoice Discounting,LO002,Partner Referral
LN200467,BOR100355,2026-04-25,386000.0,9,0.204,Working Capital,LO013,Mobile App
LN200468,BOR100355,2026-07-31,223000.0,9,0.151,Asset Finance,LO021,Partner Referral
LN200469,BOR100356,2026-06-22,87000.0,9,0.168,Invoice Discounting,LO004,Branch
LN200471,BOR100357,2025-08-06,151000.0,3,0.163,Asset Finance,LO011,Branch
LN200472,BOR100358,2025-08-31,94000.0,9,0.216,Working Capital,LO005,Mobile App
LN200473,BOR100359,2026-04-22,199000.0,3,0.159,Asset Finance,LO005,Mobile App
LN200474,BOR100360,2025-06-13,152000.0,9,0.151,Working Capital,LO025,Partner Referral
LN200475,BOR100361,2025-04-30,109000.0,6,0.226,Working Capital,LO006,Partner Referral
LN200476,BOR100362,2025-12-27,46000.0,3,0.167,Working Capital,LO015,Mobile App
LN200477,BOR100362,2026-06-22,70000.0,9,0.237,Working Capital,LO006,Mobile App
LN200478,BOR100363,2026-04-28,114000.0,9,0.129,Asset Finance,LO025,Partner Referral
LN200479,BOR100364,2025-05-19,65000.0,6,0.211,Working Capital,LO015,Branch
LN200480,BOR100365,2025-11-06,35000.0,6,0.195,Invoice Discounting,LO010,Partner Referral
LN200481,BOR100366,2026-07-23,53000.0,18,0.182,Working Capital,LO022,Branch
LN200482,BOR100367,2025-09-22,235000.0,3,0.151,Working Capital,LO012,Branch
LN200483,BOR100368,2026-07-29,24000.0,6,0.235,Working Capital,LO010,Mobile App
LN200484,BOR100369,2026-03-13,51000.0,3,0.222,Asset Finance,LO017,Branch
LN200485,BOR100369,2026-06-27,155000.0,6,0.159,Invoice Discounting,LO003,Mobile App
LN200487,BOR100370,2026-04-11,84000.0,18,0.148,Working Capital,LO018,Mobile App
LN200488,BOR100371,2025-06-26,379000.0,3,0.182,Invoice Discounting,LO016,Branch
LN200489,BOR100371,2026-03-25,400000.0,18,0.164,Working Capital,LO001,Mobile App
LN200490,BOR100372,2026-06-30,31000.0,6,0.167,Working Capital,LO004,Branch
LN200491,BOR100373,2025-03-21,209000.0,3,0.15,Asset Finance,LO017,Branch
LN200492,BOR100373,2026-03-04,243000.0,12,0.2,Working Capital,LO010,Partner Referral
LN200493,BOR100374,2026-07-20,74000.0,6,0.139,Asset Finance,LO005,Partner Referral
LN200495,BOR100375,2026-02-24,140000.0,6,0.231,Working Capital,LO020,Mobile App
LN200496,BOR100376,2025-07-05,83000.0,6,0.14,Working Capital,LO004,Partner Referral
LN200497,BOR100377,2025-08-20,112000.0,9,0.175,Working Capital,LO019,Branch
LN200498,BOR100378,2025-01-05,74000.0,6,0.161,Asset Finance,LO025,Mobile App
LN200499,BOR100379,2026-02-12,26000.0,12,0.203,Working Capital,LO011,Mobile App
LN200500,BOR100380,2026-01-21,50000.0,6,0.157,Invoice Discounting,LO025,Branch
LN200501,BOR100380,2026-05-31,110000.0,6,0.124,Invoice Discounting,LO023,Branch
LN200503,BOR100381,2025-02-06,236000.0,3,0.188,Invoice Discounting,LO017,Mobile App
LN200504,BOR100381,2025-12-08,208000.0,3,0.146,Asset Finance,LO005,Branch
LN200505,BOR100382,2025-08-02,90000.0,9,0.188,Working Capital,LO003,Branch
LN200506,BOR100382,2026-05-04,182000.0,6,0.137,Invoice Discounting,LO005,Mobile App
LN200507,BOR100383,2025-01-14,235000.0,12,0.183,Invoice Discounting,LO017,Branch
LN200508,BOR100383,2026-06-02,222000.0,3,0.228,Invoice Discounting,LO003,Mobile App
LN200509,BOR100384,2025-08-08,77000.0,3,0.16,Invoice Discounting,LO014,Mobile App
LN200510,BOR100385,2025-08-29,44000.0,6,0.189,Working Capital,LO014,Branch
LN200511,BOR100386,2025-09-03,53000.0,6,0.133,Working Capital,LO011,Mobile App
LN200512,BOR100386,2026-03-17,54000.0,18,0.172,Working Capital,LO015,Branch
LN200513,BOR100387,2025-11-24,70000.0,9,0.185,Working Capital,LO017,Branch
LN200514,BOR100388,2025-11-13,82000.0,6,0.191,Asset Finance,LO014,Partner Referral
LN200515,BOR100388,2026-07-31,207000.0,9,0.202,Working Capital,LO021,Branch
LN200517,BOR100389,2025-10-17,150000.0,3,0.233,Working Capital,LO024,Mobile App
LN200518,BOR100390,2026-05-11,54000.0,12,0.236,Working Capital,LO004,Branch
LN200519,BOR100391,2025-07-18,189000.0,18,0.121,Working Capital,LO006,Partner Referral
LN200520,BOR100391,2026-02-08,152000.0,12,0.216,Asset Finance,LO017,Partner Referral
LN200521,BOR100392,2026-02-18,37000.0,6,0.224,Working Capital,LO020,Mobile App
LN200522,BOR100393,2025-12-26,346000.0,12,0.131,Working Capital,LO018,Mobile App
LN200523,BOR100394,2025-10-19,1090000.0,18,0.199,Working Capital,LO005,Branch
LN200524,BOR100394,2026-07-15,1045000.0,9,0.198,Asset Finance,LO015,Mobile App
LN200526,BOR100395,2026-02-02,176000.0,6,0.17,Working Capital,LO014,Mobile App
LN200527,BOR100396,2025-08-13,107000.0,6,0.217,Asset Finance,LO006,Mobile App
LN200528,BOR100397,2025-11-29,100000.0,12,0.233,Asset Finance,LO021,Mobile App
LN200529,BOR100398,2025-03-09,24000.0,18,0.227,Working Capital,LO018,Branch
LN200530,BOR100398,2026-02-23,30000.0,12,0.121,Working Capital,LO023,Branch
LN200531,BOR100399,2025-01-11,47000.0,9,0.188,Asset Finance,LO016,Partner Referral
LN200532,BOR100400,2025-05-19,46000.0,6,0.235,Working Capital,LO015,Branch
LN200533,BOR100400,2026-04-06,23000.0,9,0.194,Working Capital,LO024,Mobile App
LN200534,BOR100401,2025-10-11,50000.0,12,0.203,Working Capital,LO011,Branch
LN200535,BOR100401,2026-05-17,22000.0,3,0.232,Asset Finance,LO001,Mobile App
LN200537,BOR100402,2025-05-24,198000.0,6,0.121,Working Capital,LO024,Mobile App
LN200538,BOR100403,2026-05-04,127000.0,9,0.209,Working Capital,LO009,Branch
LN200540,BOR100404,2025-12-18,176000.0,9,0.137,Asset Finance,LO009,Branch
LN200541,BOR100405,2026-01-27,54000.0,6,0.224,Invoice Discounting,LO005,Mobile App
LN200542,BOR100406,2025-05-23,109000.0,6,0.215,Invoice Discounting,LO009,Partner Referral
LN200543,BOR100407,2025-12-29,200000.0,18,0.123,Working Capital,LO016,Branch
LN200544,BOR100407,2026-04-14,202000.0,6,0.12,Asset Finance,LO004,Partner Referral
LN200545,BOR100408,2025-10-06,113000.0,6,0.183,Working Capital,LO004,Mobile App
LN200546,BOR100409,2025-07-26,172000.0,12,0.198,Working Capital,LO012,Mobile App
LN200547,BOR100409,2026-02-05,107000.0,3,0.239,Working Capital,LO012,Mobile App
LN200548,BOR100410,2026-01-18,50000.0,6,0.139,Asset Finance,LO005,Branch
LN200549,BOR100411,2026-02-26,85000.0,9,0.202,Working Capital,LO021,Branch
LN200550,BOR100412,2025-04-13,45000.0,3,0.161,Asset Finance,LO021,Mobile App
LN200551,BOR100412,2026-02-28,37000.0,12,0.182,Working Capital,LO023,Mobile App
LN200552,BOR100413,2025-09-24,21000.0,6,0.184,Working Capital,LO003,Mobile App
LN200553,BOR100414,2025-10-25,64000.0,6,0.166,Working Capital,LO025,Branch
LN200554,BOR100415,2025-08-29,161000.0,6,0.238,Asset Finance,LO012,Mobile App
LN200555,BOR100416,2025-06-23,43000.0,6,0.171,Working Capital,LO006,Mobile App
LN200556,BOR100417,2026-06-19,115000.0,3,0.175,Invoice Discounting,LO025,Branch
LN200557,BOR100418,2025-05-21,165000.0,6,0.142,Working Capital,LO023,Mobile App
LN200558,BOR100419,2025-01-21,27000.0,12,0.136,Asset Finance,LO020,Branch
LN200559,BOR100419,2026-05-07,20000.0,3,0.214,Invoice Discounting,LO020,Mobile App
LN200560,BOR100420,2025-05-29,20000.0,6,0.124,Working Capital,LO003,Mobile App
LN200561,BOR100420,2026-02-04,27000.0,3,0.153,Working Capital,LO004,Branch
LN200562,BOR100421,2026-02-09,70000.0,6,0.125,Working Capital,LO009,Mobile App
LN200563,BOR100422,2025-12-22,165000.0,12,0.12,Working Capital,LO018,Mobile App
LN200564,BOR100423,2025-12-04,61000.0,3,0.179,Working Capital,LO002,Branch
LN200565,BOR100424,2026-01-26,91000.0,18,0.135,Invoice Discounting,LO013,Mobile App
LN200566,BOR100424,2026-05-09,108000.0,6,0.212,Working Capital,LO002,Branch
LN200567,BOR100425,2025-06-08,77000.0,9,0.199,Asset Finance,LO017,Branch
LN200568,BOR100426,2025-04-09,246000.0,9,0.213,Working Capital,LO020,Branch
LN200569,BOR100427,2025-11-12,50000.0,12,0.149,Asset Finance,LO006,Mobile App
LN200570,BOR100428,2025-06-06,35000.0,9,0.152,Working Capital,LO004,Mobile App
LN200571,BOR100429,2026-01-20,69000.0,18,0.129,Asset Finance,LO024,Partner Referral
LN200572,BOR100430,2025-03-01,82000.0,9,0.174,Asset Finance,LO004,Partner Referral
LN200573,BOR100431,2026-04-07,178000.0,3,0.15,Asset Finance,LO012,Mobile App
LN200574,BOR100432,2026-02-24,215000.0,6,0.226,Asset Finance,LO006,Mobile App
LN200575,BOR100433,2026-05-10,105000.0,9,0.192,Asset Finance,LO009,Mobile App
LN200577,BOR100434,2026-07-04,237000.0,3,0.186,Working Capital,LO008,Mobile App
LN200578,BOR100435,2025-06-01,171000.0,12,0.19,Invoice Discounting,LO023,Partner Referral
LN200579,BOR100435,2026-07-19,144000.0,12,0.213,Working Capital,LO019,Mobile App
LN200580,BOR100436,2026-06-03,253000.0,9,0.225,Asset Finance,LO002,Partner Referral
LN200581,BOR100437,2026-02-21,194000.0,3,0.131,Invoice Discounting,LO015,Mobile App
LN200582,BOR100438,2025-11-25,33000.0,9,0.203,Asset Finance,LO001,Mobile App
LN200583,BOR100439,2025-04-14,31000.0,12,0.217,Asset Finance,LO006,Branch
LN200584,BOR100440,2025-12-08,157000.0,3,0.192,Working Capital,LO010,Mobile App
LN200585,BOR100440,2026-06-07,183000.0,6,0.146,Invoice Discounting,LO023,Mobile App
LN200587,BOR100441,2026-05-09,57000.0,6,0.169,Working Capital,LO012,Branch
LN200588,BOR100442,2025-08-22,40000.0,3,0.123,Invoice Discounting,LO021,Partner Referral
LN200589,BOR100443,2025-06-25,77000.0,6,0.232,Working Capital,LO021,Mobile App
LN200590,BOR100444,2026-01-02,190000.0,3,0.213,Working Capital,LO014,Branch
LN200591,BOR100445,2025-01-21,70000.0,3,0.134,Asset Finance,LO015,Mobile App
LN200592,BOR100445,2026-07-12,122000.0,3,0.214,Working Capital,LO008,Mobile App
LN200593,BOR100446,2026-02-18,64000.0,12,0.148,Working Capital,LO006,Mobile App
LN200594,BOR100446,2026-07-04,63000.0,6,0.152,Asset Finance,LO018,Mobile App
LN200595,BOR100447,2025-11-06,345000.0,6,0.121,Asset Finance,LO002,Mobile App
LN200596,BOR100447,2026-06-06,223000.0,18,0.162,Asset Finance,LO012,Branch
LN200597,BOR100448,2025-01-09,75000.0,12,0.146,Invoice Discounting,LO004,Mobile App
LN200598,BOR100449,2025-06-24,26000.0,3,0.212,Working Capital,LO024,Branch
LN200599,BOR100450,2026-06-30,65000.0,6,0.155,Asset Finance,LO002,Branch
LN200600,BOR100451,2025-04-12,158000.0,6,0.198,Working Capital,LO025,Mobile App
LN200601,BOR100452,2025-08-27,150000.0,9,0.164,Working Capital,LO007,Mobile App
LN200602,BOR100453,2025-08-30,273000.0,6,0.167,Invoice Discounting,LO008,Partner Referral
LN200603,BOR100454,2025-03-17,173000.0,3,0.206,Working Capital,LO008,Branch
LN200604,BOR100455,2026-05-10,156000.0,12,0.21,Asset Finance,LO015,Mobile App
LN200605,BOR100456,2025-02-10,49000.0,12,0.137,Working Capital,LO001,Mobile App
LN200606,BOR100456,2025-11-05,79000.0,12,0.237,Invoice Discounting,LO020,Partner Referral
LN200607,BOR100456,2026-05-12,31000.0,3,0.205,Working Capital,LO007,Mobile App
LN200608,BOR100457,2026-05-15,127000.0,6,0.227,Working Capital,LO018,Mobile App
LN200609,BOR100458,2025-03-30,135000.0,6,0.218,Asset Finance,LO022,Mobile App
LN200610,BOR100458,2026-07-30,136000.0,6,0.183,Invoice Discounting,LO006,Partner Referral
LN200612,BOR100459,2025-12-31,100000.0,12,0.227,Working Capital,LO002,Mobile App
LN200613,BOR100460,2025-11-16,72000.0,6,0.133,Asset Finance,LO023,Mobile App
LN200614,BOR100461,2026-02-12,103000.0,3,0.169,Working Capital,LO016,Partner Referral
LN200615,BOR100462,2025-10-01,139000.0,12,0.22,Asset Finance,LO003,Partner Referral
LN200616,BOR100463,2025-04-28,81000.0,12,0.23,Working Capital,LO025,Mobile App
LN200617,BOR100464,2025-07-02,116000.0,6,0.201,Asset Finance,LO005,Mobile App
LN200618,BOR100464,2026-02-10,127000.0,9,0.209,Working Capital,LO015,Partner Referral
LN200619,BOR100465,2025-03-15,93000.0,6,0.163,Working Capital,LO022,Mobile App
LN200620,BOR100466,2025-03-09,159000.0,6,0.183,Working Capital,LO019,Branch
LN200621,BOR100467,2025-09-03,301000.0,3,0.192,Working Capital,LO021,Mobile App
LN200622,BOR100468,2025-09-24,70000.0,6,0.178,Invoice Discounting,LO007,Branch
LN200623,BOR100469,2026-02-19,185000.0,6,0.166,Working Capital,LO018,Mobile App
LN200625,BOR100470,2026-04-03,118000.0,12,0.188,Working Capital,LO012,Branch
LN200626,BOR100471,2025-12-14,86000.0,12,0.223,Invoice Discounting,LO016,Partner Referral
LN200627,BOR100471,2026-06-28,126000.0,6,0.131,Asset Finance,LO002,Mobile App
LN200628,BOR100472,2026-03-01,505000.0,9,0.195,Working Capital,LO019,Mobile App
LN200629,BOR100473,2025-07-02,93000.0,3,0.126,Invoice Discounting,LO025,Mobile App
LN200630,BOR100474,2026-02-20,100000.0,3,0.162,Working Capital,LO018,Partner Referral
LN200631,BOR100475,2025-10-29,29000.0,6,0.148,Invoice Discounting,LO006,Mobile App
LN200632,BOR100476,2025-08-24,76000.0,9,0.168,Asset Finance,LO024,Mobile App
LN200633,BOR100476,2026-07-16,94000.0,3,0.123,Working Capital,LO005,Mobile App
LN200634,BOR100477,2026-07-11,158000.0,6,0.124,Working Capital,LO025,Mobile App
LN200636,BOR100478,2025-02-27,287000.0,12,0.21,Invoice Discounting,LO020,Branch
LN200637,BOR100479,2025-12-18,127000.0,6,0.151,Working Capital,LO018,Mobile App
LN200638,BOR100480,2025-10-09,238000.0,6,0.14,Working Capital,LO014,Mobile App
LN200639,BOR100481,2026-07-11,107000.0,12,0.17,Working Capital,LO007,Branch
LN200640,BOR100482,2025-05-22,40000.0,3,0.121,Working Capital,LO020,Partner Referral
LN200641,BOR100482,2026-07-24,125000.0,3,0.159,Asset Finance,LO025,Mobile App
LN200642,BOR100483,2025-08-08,882000.0,18,0.214,Invoice Discounting,LO002,Mobile App
LN200643,BOR100484,2026-01-06,67000.0,12,0.157,Asset Finance,LO020,Mobile App
LN200644,BOR100485,2025-03-05,59000.0,6,0.123,Invoice Discounting,LO020,Mobile App
LN200645,BOR100486,2025-04-20,70000.0,6,0.219,Working Capital,LO015,Mobile App
LN200646,BOR100487,2025-12-03,32000.0,12,0.185,Asset Finance,LO018,Partner Referral
LN200647,BOR100488,2025-12-16,239000.0,3,0.222,Invoice Discounting,LO011,Mobile App
LN200648,BOR100489,2025-05-05,112000.0,12,0.128,Invoice Discounting,LO012,Branch
LN200649,BOR100489,2026-07-15,33000.0,9,0.223,Asset Finance,LO005,Mobile App
LN200650,BOR100490,2025-01-27,105000.0,18,0.141,Invoice Discounting,LO005,Mobile App
LN200651,BOR100490,2026-02-23,51000.0,6,0.169,Asset Finance,LO022,Partner Referral
LN200652,BOR100491,2025-02-18,47000.0,6,0.232,Working Capital,LO003,Branch
LN200653,BOR100491,2025-08-23,64000.0,6,0.188,Asset Finance,LO011,Mobile App
LN200654,BOR100492,2025-01-08,194000.0,6,0.147,Invoice Discounting,LO017,Mobile App
LN200655,BOR100492,2026-06-26,245000.0,18,0.16,Working Capital,LO015,Branch
LN200656,BOR100493,2025-03-15,67000.0,3,0.176,Working Capital,LO019,Branch
LN200657,BOR100494,2026-07-09,54000.0,9,0.126,Working Capital,LO002,Mobile App
LN200658,BOR100495,2025-08-05,123000.0,6,0.189,Invoice Discounting,LO017,Mobile App
LN200659,BOR100496,2026-05-05,175000.0,3,0.189,Invoice Discounting,LO001,Mobile App
LN200660,BOR100497,2026-07-19,126000.0,12,0.162,Working Capital,LO018,Branch
LN200662,BOR100498,2026-02-01,63000.0,9,0.128,Invoice Discounting,LO019,Mobile App
LN200663,BOR100499,2025-06-11,111000.0,12,0.204,Working Capital,LO011,Branch
LN200664,BOR100500,2026-04-17,73000.0,3,0.236,Invoice Discounting,LO014,Mobile App
LN200666,BOR100501,2025-01-13,66000.0,3,0.17,Working Capital,LO005,Mobile App
LN200667,BOR100501,2026-07-02,102000.0,6,0.218,Working Capital,LO007,Mobile App
LN200669,BOR100502,2025-08-28,67000.0,3,0.2,Asset Finance,LO022,Branch
LN200670,BOR100503,2025-01-07,296000.0,9,0.183,Asset Finance,LO020,Mobile App
LN200671,BOR100503,2026-04-15,130000.0,6,0.204,Asset Finance,LO023,Mobile App
LN200672,BOR100504,2026-01-09,224000.0,18,0.187,Working Capital,LO021,Branch
LN200673,BOR100505,2025-08-21,62000.0,3,0.188,Invoice Discounting,LO011,Branch
LN200674,BOR100506,2025-04-28,293000.0,6,0.22,Working Capital,LO007,Mobile App
LN200675,BOR100506,2026-05-19,253000.0,12,0.154,Working Capital,LO015,Branch
LN200676,BOR100507,2025-11-16,890000.0,18,0.156,Asset Finance,LO005,Branch
LN200677,BOR100508,2025-03-25,24000.0,3,0.233,Working Capital,LO014,Mobile App
LN200678,BOR100509,2025-09-26,37000.0,3,0.141,Working Capital,LO017,Branch
LN200679,BOR100509,2026-07-28,42000.0,3,0.139,Invoice Discounting,LO010,Mobile App
LN200680,BOR100510,2026-07-18,42000.0,9,0.2,Asset Finance,LO025,Mobile App
LN200681,BOR100511,2025-02-26,58000.0,18,0.211,Working Capital,LO016,Branch
LN200682,BOR100512,2025-07-05,55000.0,18,0.21,Working Capital,LO025,Branch
LN200683,BOR100512,2025-11-10,40000.0,12,0.234,Invoice Discounting,LO013,Partner Referral
LN200684,BOR100512,2026-06-09,22000.0,3,0.133,Working Capital,LO020,Mobile App
LN200685,BOR100513,2026-07-19,50000.0,9,0.19,Asset Finance,LO022,Branch
LN200686,BOR100514,2025-12-28,47000.0,3,0.172,Asset Finance,LO004,Partner Referral
LN200687,BOR100515,2025-05-25,103000.0,12,0.157,Invoice Discounting,LO023,Partner Referral
LN200688,BOR100516,2025-03-21,49000.0,6,0.189,Working Capital,LO003,Mobile App
LN200689,BOR100517,2025-10-22,162000.0,6,0.235,Working Capital,LO008,Partner Referral
LN200690,BOR100517,2026-07-10,174000.0,3,0.131,Invoice Discounting,LO009,Partner Referral
LN200691,BOR100518,2025-06-10,101000.0,9,0.201,Working Capital,LO012,Branch
LN200692,BOR100518,2026-03-22,73000.0,12,0.196,Working Capital,LO001,Mobile App
LN200693,BOR100518,2026-06-11,145000.0,9,0.201,Working Capital,LO001,Branch
LN200694,BOR100519,2025-11-05,161000.0,9,0.149,Asset Finance,LO002,Partner Referral
LN200695,BOR100520,2025-01-07,68000.0,9,0.206,Working Capital,LO016,Mobile App
LN200696,BOR100521,2025-12-15,202000.0,3,0.206,Asset Finance,LO004,Mobile App
LN200697,BOR100522,2025-10-25,91000.0,12,0.183,Invoice Discounting,LO021,Branch
LN200698,BOR100523,2026-03-11,32000.0,12,0.179,Working Capital,LO019,Mobile App
LN200699,BOR100524,2026-04-14,51000.0,6,0.143,Asset Finance,LO009,Branch
LN200700,BOR100525,2026-04-24,30000.0,6,0.238,Invoice Discounting,LO005,Mobile App
LN200701,BOR100526,2025-05-18,44000.0,3,0.173,Asset Finance,LO018,Mobile App
LN200702,BOR100526,2025-12-06,58000.0,9,0.208,Asset Finance,LO010,Branch
LN200703,BOR100527,2026-07-03,75000.0,3,0.234,Asset Finance,LO012,Branch
LN200705,BOR100528,2026-02-03,29000.0,9,0.189,Working Capital,LO006,Partner Referral
LN200706,BOR100528,2026-07-30,39000.0,9,0.227,Working Capital,LO025,Partner Referral
LN200708,BOR100529,2025-10-21,382000.0,3,0.222,Working Capital,LO011,Partner Referral
LN200709,BOR100530,2025-10-19,131000.0,12,0.126,Invoice Discounting,LO017,Partner Referral
LN200710,BOR100531,2026-01-03,233000.0,6,0.129,Asset Finance,LO010,Branch
LN200711,BOR100532,2026-07-05,37000.0,12,0.236,Invoice Discounting,LO025,Partner Referral
LN200713,BOR100533,2025-11-05,61000.0,9,0.168,Working Capital,LO003,Branch
LN200714,BOR100534,2025-08-23,55000.0,6,0.121,Invoice Discounting,LO012,Partner Referral
LN200715,BOR100535,2026-05-11,67000.0,6,0.208,Working Capital,LO017,Branch
LN200716,BOR100536,2025-02-03,20000.0,6,0.146,Working Capital,LO009,Mobile App
LN200717,BOR100537,2025-02-07,46000.0,6,0.211,Working Capital,LO015,Branch
LN200718,BOR100537,2026-02-03,126000.0,6,0.216,Invoice Discounting,LO016,Mobile App
LN200719,BOR100537,2026-07-31,125000.0,3,0.121,Working Capital,LO002,Partner Referral
LN200720,BOR100538,2026-02-27,138000.0,9,0.149,Working Capital,LO007,Branch
LN200721,BOR100539,2025-05-25,138000.0,6,0.141,Working Capital,LO001,Branch
LN200722,BOR100539,2026-03-26,102000.0,9,0.181,Working Capital,LO001,Mobile App
LN200723,BOR100540,2026-07-27,67000.0,12,0.227,Invoice Discounting,LO017,Partner Referral
LN200724,BOR100541,2025-05-19,27000.0,6,0.192,Invoice Discounting,LO024,Mobile App
LN200725,BOR100542,2025-02-01,129000.0,3,0.125,Working Capital,LO014,Branch
LN200726,BOR100542,2025-12-18,60000.0,6,0.198,Working Capital,LO010,Mobile App
LN200727,BOR100543,2026-02-05,111000.0,9,0.213,Asset Finance,LO005,Mobile App
LN200728,BOR100544,2025-03-04,90000.0,12,0.182,Asset Finance,LO010,Mobile App
LN200729,BOR100545,2026-01-17,177000.0,3,0.146,Asset Finance,LO017,Mobile App
LN200730,BOR100546,2026-06-06,49000.0,3,0.193,Working Capital,LO021,Mobile App
LN200731,BOR100547,2025-01-11,81000.0,3,0.203,Working Capital,LO002,Mobile App
LN200732,BOR100548,2026-02-27,124000.0,3,0.212,Asset Finance,LO020,Mobile App
LN200733,BOR100548,2026-07-19,79000.0,18,0.123,Working Capital,LO016,Mobile App
LN200734,BOR100549,2025-02-24,158000.0,12,0.174,Invoice Discounting,LO023,Mobile App
LN200735,BOR100550,2026-05-05,74000.0,6,0.215,Working Capital,LO023,Mobile App
LN200736,BOR100551,2026-07-06,100000.0,3,0.177,Invoice Discounting,LO018,Partner Referral
LN200738,BOR100552,2026-07-12,230000.0,3,0.145,Working Capital,LO015,Partner Referral
LN200739,BOR100553,2025-11-16,168000.0,3,0.204,Working Capital,LO016,Mobile App
LN200740,BOR100554,2025-07-28,391000.0,9,0.182,Working Capital,LO005,Mobile App
LN200741,BOR100555,2025-10-17,24000.0,18,0.171,Working Capital,LO015,Branch
LN200742,BOR100556,2025-01-01,140000.0,3,0.199,Invoice Discounting,LO007,Mobile App
LN200743,BOR100557,2025-05-25,59000.0,12,0.162,Invoice Discounting,LO024,Mobile App
LN200744,BOR100558,2025-05-18,135000.0,3,0.21,Working Capital,LO015,Mobile App
LN200745,BOR100559,2026-03-24,24000.0,6,0.228,Asset Finance,LO009,Partner Referral
LN200747,BOR100560,2026-07-10,23000.0,18,0.144,Asset Finance,LO020,Branch
LN200748,BOR100561,2025-12-26,143000.0,6,0.158,Asset Finance,LO015,Partner Referral
LN200749,BOR100562,2025-12-03,45000.0,6,0.157,Invoice Discounting,LO016,Branch
LN200750,BOR100563,2025-07-23,109000.0,3,0.191,Invoice Discounting,LO003,Mobile App
LN200751,BOR100564,2025-03-31,78000.0,3,0.181,Asset Finance,LO025,Mobile App
LN200752,BOR100565,2025-08-22,34000.0,12,0.154,Working Capital,LO013,Mobile App
LN200753,BOR100566,2025-08-08,158000.0,3,0.189,Invoice Discounting,LO018,Mobile App
LN200754,BOR100566,2025-11-20,136000.0,3,0.186,Invoice Discounting,LO025,Partner Referral
LN200755,BOR100567,2025-01-03,107000.0,9,0.209,Working Capital,LO006,Mobile App
LN200756,BOR100567,2025-05-26,60000.0,6,0.237,Working Capital,LO009,Mobile App
LN200757,BOR100568,2025-02-14,154000.0,3,0.207,Asset Finance,LO010,Mobile App
LN200758,BOR100569,2025-12-03,576000.0,3,0.221,Asset Finance,LO009,Mobile App
LN200759,BOR100569,2026-06-28,735000.0,3,0.192,Working Capital,LO025,Partner Referral
LN200761,BOR100570,2025-10-21,88000.0,6,0.162,Working Capital,LO021,Mobile App
LN200762,BOR100570,2026-04-06,91000.0,6,0.14,Working Capital,LO005,Mobile App
LN200763,BOR100571,2025-08-04,58000.0,3,0.156,Asset Finance,LO010,Mobile App
LN200764,BOR100571,2025-12-31,178000.0,6,0.181,Working Capital,LO025,Mobile App
LN200765,BOR100572,2025-07-21,64000.0,9,0.152,Working Capital,LO024,Branch
LN200766,BOR100573,2026-06-27,26000.0,18,0.136,Working Capital,LO008,Partner Referral
LN200767,BOR100574,2026-04-30,394000.0,9,0.207,Asset Finance,LO022,Mobile App
LN200768,BOR100575,2025-11-06,53000.0,9,0.184,Invoice Discounting,LO024,Mobile App
LN200769,BOR100575,2026-05-07,41000.0,9,0.177,Asset Finance,LO018,Mobile App
LN200771,BOR100576,2025-01-21,59000.0,3,0.17,Working Capital,LO018,Partner Referral
LN200772,BOR100576,2025-08-21,62000.0,6,0.237,Working Capital,LO020,Mobile App
LN200773,BOR100576,2026-07-26,73000.0,9,0.168,Working Capital,LO021,Partner Referral
LN200774,BOR100577,2025-06-22,73000.0,12,0.216,Working Capital,LO003,Mobile App
LN200775,BOR100578,2025-05-25,118000.0,9,0.182,Working Capital,LO014,Mobile App
LN200776,BOR100578,2025-12-21,129000.0,9,0.204,Invoice Discounting,LO023,Mobile App
LN200777,BOR100579,2026-04-25,29000.0,3,0.196,Asset Finance,LO003,Branch
LN200778,BOR100580,2026-05-18,53000.0,3,0.237,Invoice Discounting,LO020,Partner Referral
LN200779,BOR100581,2026-03-22,183000.0,6,0.234,Asset Finance,LO013,Mobile App
LN200781,BOR100582,2025-09-10,22000.0,12,0.172,Working Capital,LO008,Partner Referral
LN200782,BOR100583,2025-06-17,24000.0,3,0.131,Working Capital,LO012,Mobile App
LN200783,BOR100584,2025-05-14,101000.0,18,0.166,Working Capital,LO008,Partner Referral
LN200784,BOR100585,2025-10-11,89000.0,9,0.208,Invoice Discounting,LO013,Branch
LN200785,BOR100586,2026-07-07,50000.0,12,0.137,Working Capital,LO002,Branch
LN200786,BOR100587,2026-03-19,40000.0,6,0.177,Working Capital,LO001,Partner Referral
LN200787,BOR100587,2026-07-10,26000.0,6,0.179,Working Capital,LO002,Mobile App
LN200788,BOR100588,2026-04-02,49000.0,9,0.185,Working Capital,LO001,Partner Referral
LN200789,BOR100588,2026-07-25,33000.0,12,0.18,Invoice Discounting,LO023,Mobile App
LN200790,BOR100589,2026-07-12,46000.0,9,0.208,Working Capital,LO005,Mobile App
LN200792,BOR100590,2026-01-18,97000.0,3,0.125,Asset Finance,LO019,Branch
LN200793,BOR100590,2026-07-31,349000.0,3,0.134,Working Capital,LO009,Mobile App
LN200794,BOR100591,2026-04-01,59000.0,3,0.195,Invoice Discounting,LO001,Partner Referral
LN200795,BOR100592,2026-06-03,117000.0,6,0.188,Working Capital,LO020,Branch
LN200796,BOR100593,2026-07-27,142000.0,3,0.12,Working Capital,LO007,Branch
LN200797,BOR100594,2025-06-10,20000.0,3,0.204,Asset Finance,LO015,Partner Referral
LN200798,BOR100594,2026-05-05,26000.0,9,0.207,Asset Finance,LO022,Mobile App
LN200799,BOR100595,2026-03-03,271000.0,6,0.16,Working Capital,LO018,Branch
LN200800,BOR100596,2025-06-09,36000.0,3,0.168,Invoice Discounting,LO025,Mobile App
LN200801,BOR100597,2025-06-23,169000.0,6,0.126,Working Capital,LO022,Mobile App
LN200802,BOR100598,2025-08-13,178000.0,18,0.158,Asset Finance,LO011,Mobile App
LN200803,BOR100598,2026-03-01,178000.0,6,0.22,Working Capital,LO023,Partner Referral
LN200804,BOR100599,2025-01-13,204000.0,6,0.155,Working Capital,LO007,Branch
LN200805,BOR100600,2026-02-19,118000.0,9,0.143,Invoice Discounting,LO018,Mobile App
LN200806,BOR100601,2025-03-16,25000.0,18,0.221,Working Capital,LO012,Mobile App
LN200807,BOR100601,2026-07-18,30000.0,3,0.227,Working Capital,LO008,Mobile App
LN200808,BOR100602,2025-10-16,46000.0,12,0.127,Asset Finance,LO011,Branch
LN200809,BOR100603,2026-01-20,74000.0,18,0.189,Asset Finance,LO011,Branch
LN200810,BOR100604,2025-12-20,45000.0,6,0.204,Asset Finance,LO005,Mobile App
LN200811,BOR100604,2026-05-13,109000.0,18,0.222,Asset Finance,LO013,Mobile App
LN200812,BOR100605,2025-08-19,142000.0,12,0.147,Working Capital,LO025,Branch
LN200813,BOR100606,2025-10-29,144000.0,3,0.227,Working Capital,LO001,Mobile App
LN200814,BOR100607,2026-02-07,233000.0,3,0.193,Working Capital,LO014,Partner Referral
LN200815,BOR100607,2026-05-18,242000.0,12,0.122,Asset Finance,LO025,Mobile App
LN200816,BOR100608,2026-07-05,70000.0,9,0.219,Working Capital,LO012,Mobile App
LN200818,BOR100609,2026-05-13,27000.0,9,0.199,Working Capital,LO019,Branch
LN200819,BOR100610,2025-09-08,88000.0,3,0.129,Working Capital,LO021,Mobile App
LN200820,BOR100610,2026-07-10,116000.0,6,0.148,Working Capital,LO021,Mobile App
LN200821,BOR100611,2025-01-12,143000.0,12,0.151,Asset Finance,LO024,Mobile App
LN200822,BOR100612,2025-10-29,64000.0,3,0.212,Asset Finance,LO002,Branch
LN200823,BOR100613,2025-06-28,189000.0,3,0.232,Working Capital,LO015,Branch
LN200824,BOR100614,2025-11-30,162000.0,3,0.228,Working Capital,LO018,Partner Referral
LN200825,BOR100615,2026-04-11,68000.0,9,0.144,Working Capital,LO003,Branch
LN200826,BOR100616,2026-03-29,20000.0,6,0.136,Working Capital,LO018,Mobile App
LN200827,BOR100617,2025-10-27,20000.0,3,0.207,Working Capital,LO025,Mobile App
LN200828,BOR100617,2026-02-03,40000.0,9,0.133,Working Capital,LO011,Branch
LN200829,BOR100617,2026-07-07,47000.0,3,0.154,Asset Finance,LO005,Mobile App
LN200830,BOR100618,2025-10-13,564000.0,12,0.171,Working Capital,LO002,Mobile App
LN200831,BOR100618,2026-02-04,154000.0,6,0.222,Asset Finance,LO025,Mobile App
LN200832,BOR100618,2026-05-19,554000.0,6,0.215,Working Capital,LO008,Mobile App
LN200833,BOR100619,2025-04-25,59000.0,3,0.195,Working Capital,LO024,Branch
LN200834,BOR100619,2026-01-16,98000.0,6,0.166,Asset Finance,LO001,Mobile App
LN200835,BOR100620,2026-02-02,33000.0,9,0.22,Working Capital,LO007,Mobile App
LN200836,BOR100621,2025-10-11,351000.0,3,0.237,Working Capital,LO013,Mobile App
LN200837,BOR100622,2026-05-04,53000.0,9,0.128,Working Capital,LO017,Partner Referral
LN200839,BOR100623,2026-01-03,197000.0,18,0.228,Working Capital,LO020,Mobile App
LN200840,BOR100624,2026-05-18,100000.0,12,0.126,Asset Finance,LO023,Branch
LN200841,BOR100625,2025-04-09,65000.0,9,0.122,Asset Finance,LO014,Branch
LN200842,BOR100625,2026-02-19,208000.0,6,0.141,Working Capital,LO020,Mobile App
LN200843,BOR100626,2025-05-27,167000.0,12,0.122,Invoice Discounting,LO015,Mobile App
LN200844,BOR100627,2025-07-08,82000.0,9,0.181,Invoice Discounting,LO011,Branch
LN200845,BOR100627,2026-03-04,91000.0,9,0.162,Working Capital,LO005,Branch
LN200846,BOR100628,2026-02-03,470000.0,18,0.139,Invoice Discounting,LO024,Mobile App
LN200847,BOR100629,2026-03-23,209000.0,6,0.184,Asset Finance,LO017,Mobile App
LN200849,BOR100630,2025-02-23,28000.0,12,0.129,Asset Finance,LO001,Partner Referral
LN200850,BOR100630,2026-05-24,45000.0,6,0.143,Working Capital,LO017,Mobile App
LN200851,BOR100631,2025-12-30,209000.0,6,0.188,Invoice Discounting,LO013,Mobile App
LN200852,BOR100632,2025-10-25,295000.0,9,0.171,Invoice Discounting,LO002,Mobile App
LN200853,BOR100633,2025-06-01,220000.0,6,0.172,Working Capital,LO007,Branch
LN200854,BOR100633,2026-01-01,103000.0,9,0.217,Working Capital,LO025,Branch
LN200855,BOR100634,2025-08-09,71000.0,3,0.128,Working Capital,LO021,Partner Referral
LN200856,BOR100635,2025-09-04,204000.0,12,0.134,Invoice Discounting,LO020,Mobile App
LN200857,BOR100635,2026-07-26,140000.0,12,0.143,Invoice Discounting,LO005,Mobile App
LN200858,BOR100636,2026-05-24,231000.0,6,0.235,Working Capital,LO001,Mobile App
LN200859,BOR100637,2026-03-26,595000.0,9,0.202,Invoice Discounting,LO018,Mobile App
LN200860,BOR100638,2025-05-18,44000.0,3,0.239,Asset Finance,LO007,Branch
LN200861,BOR100638,2026-03-05,62000.0,12,0.157,Invoice Discounting,LO002,Branch
LN200862,BOR100639,2026-05-22,54000.0,9,0.18,Invoice Discounting,LO020,Partner Referral
LN200864,BOR100640,2025-06-03,111000.0,6,0.137,Asset Finance,LO016,Mobile App
LN200865,BOR100641,2025-07-14,68000.0,6,0.136,Asset Finance,LO009,Partner Referral
LN200866,BOR100642,2026-02-10,39000.0,9,0.124,Working Capital,LO003,Mobile App
LN200867,BOR100642,2026-07-16,70000.0,6,0.234,Asset Finance,LO005,Branch
LN200868,BOR100643,2025-01-01,20000.0,6,0.22,Working Capital,LO019,Partner Referral
LN200869,BOR100644,2026-07-07,107000.0,12,0.178,Working Capital,LO018,Partner Referral
LN200871,BOR100645,2026-05-21,172000.0,3,0.133,Working Capital,LO013,Branch
LN200872,BOR100646,2025-09-29,62000.0,12,0.137,Invoice Discounting,LO009,Mobile App
LN200873,BOR100646,2026-03-29,83000.0,9,0.201,Invoice Discounting,LO015,Partner Referral
LN200874,BOR100647,2025-09-21,284000.0,9,0.181,Working Capital,LO013,Branch
LN200875,BOR100648,2025-08-12,41000.0,6,0.14,Working Capital,LO015,Partner Referral
LN200876,BOR100649,2025-01-12,365000.0,12,0.182,Asset Finance,LO018,Mobile App
LN200877,BOR100649,2026-03-23,232000.0,6,0.163,Invoice Discounting,LO022,Branch
LN200878,BOR100649,2026-08-01,99000.0,12,0.218,Invoice Discounting,LO010,Branch
LN200879,BOR100650,2025-03-05,68000.0,6,0.158,Invoice Discounting,LO013,Mobile App
LN200880,BOR100651,2025-11-15,251000.0,6,0.178,Asset Finance,LO005,Partner Referral
LN200881,BOR100652,2025-12-17,169000.0,3,0.196,Asset Finance,LO005,Mobile App
LN200882,BOR100652,2026-06-13,165000.0,12,0.124,Working Capital,LO012,Mobile App
LN200883,BOR100653,2025-06-24,382000.0,6,0.177,Working Capital,LO010,Mobile App
LN200884,BOR100654,2026-03-07,70000.0,6,0.239,Asset Finance,LO013,Branch
LN200885,BOR100655,2026-05-18,217000.0,3,0.218,Working Capital,LO025,Partner Referral
LN200886,BOR100656,2025-10-30,96000.0,3,0.233,Asset Finance,LO010,Mobile App
LN200887,BOR100657,2026-05-17,86000.0,3,0.19,Asset Finance,LO001,Mobile App
LN200888,BOR100658,2025-06-18,145000.0,6,0.156,Invoice Discounting,LO001,Mobile App
LN200889,BOR100659,2026-02-11,332000.0,9,0.163,Asset Finance,LO025,Mobile App
LN200890,BOR100660,2026-07-08,97000.0,6,0.203,Working Capital,LO008,Branch
LN200891,BOR100661,2025-11-01,101000.0,3,0.202,Asset Finance,LO016,Mobile App
LN200892,BOR100662,2025-07-10,306000.0,3,0.213,Asset Finance,LO011,Mobile App
LN200893,BOR100663,2026-01-03,276000.0,12,0.127,Working Capital,LO020,Branch
LN200894,BOR100663,2026-07-26,281000.0,9,0.228,Working Capital,LO012,Mobile App
LN200895,BOR100664,2025-03-03,86000.0,6,0.211,Asset Finance,LO018,Mobile App
LN200896,BOR100665,2025-08-21,20000.0,3,0.203,Working Capital,LO014,Partner Referral
LN200897,BOR100666,2026-06-04,230000.0,6,0.188,Invoice Discounting,LO004,Mobile App
LN200898,BOR100667,2025-04-26,30000.0,3,0.212,Asset Finance,LO009,Partner Referral
LN200899,BOR100668,2026-05-28,234000.0,12,0.127,Working Capital,LO006,Mobile App
LN200900,BOR100668,2026-07-31,340000.0,6,0.235,Invoice Discounting,LO009,Branch
LN200901,BOR100669,2025-06-22,85000.0,3,0.168,Working Capital,LO010,Mobile App
LN200902,BOR100670,2025-10-03,276000.0,3,0.231,Asset Finance,LO007,Branch
LN200903,BOR100671,2026-02-15,83000.0,18,0.171,Asset Finance,LO016,Partner Referral
LN200904,BOR100672,2025-12-23,42000.0,9,0.164,Working Capital,LO020,Mobile App
LN200905,BOR100673,2025-06-20,98000.0,12,0.151,Invoice Discounting,LO017,Branch
LN200906,BOR100674,2026-04-01,131000.0,3,0.194,Working Capital,LO024,Partner Referral
LN200907,BOR100675,2025-08-06,66000.0,6,0.232,Invoice Discounting,LO008,Partner Referral
LN200908,BOR100676,2026-07-09,89000.0,3,0.233,Working Capital,LO018,Branch
LN200910,BOR100677,2026-05-19,678000.0,9,0.239,Invoice Discounting,LO025,Mobile App
LN200912,BOR100678,2025-04-19,95000.0,6,0.182,Asset Finance,LO015,Branch
LN200913,BOR100678,2026-03-11,269000.0,12,0.168,Asset Finance,LO011,Branch
LN200914,BOR100678,2026-07-27,184000.0,3,0.189,Working Capital,LO002,Mobile App
LN200915,BOR100679,2025-07-15,134000.0,9,0.134,Working Capital,LO011,Mobile App
LN200916,BOR100680,2026-08-01,192000.0,9,0.142,Asset Finance,LO011,Partner Referral
LN200918,BOR100681,2025-03-07,384000.0,12,0.125,Working Capital,LO020,Partner Referral
LN200919,BOR100682,2026-04-07,102000.0,12,0.161,Working Capital,LO019,Partner Referral
LN200921,BOR100683,2025-11-23,38000.0,6,0.189,Asset Finance,LO018,Mobile App
LN200922,BOR100683,2026-05-16,36000.0,6,0.236,Asset Finance,LO004,Branch
LN200923,BOR100684,2026-01-13,86000.0,12,0.232,Working Capital,LO018,Mobile App
LN200924,BOR100685,2026-01-02,264000.0,12,0.182,Working Capital,LO025,Mobile App
LN200925,BOR100686,2025-08-21,65000.0,6,0.154,Invoice Discounting,LO022,Branch
LN200926,BOR100687,2026-03-22,60000.0,6,0.136,Working Capital,LO023,Mobile App
LN200927,BOR100687,2026-07-28,113000.0,6,0.146,Working Capital,LO003,Partner Referral
LN200928,BOR100688,2025-05-29,40000.0,9,0.154,Working Capital,LO010,Mobile App
LN200929,BOR100689,2025-05-09,242000.0,6,0.236,Working Capital,LO011,Partner Referral
LN200930,BOR100689,2025-12-29,134000.0,6,0.182,Invoice Discounting,LO009,Mobile App
LN200931,BOR100690,2025-04-24,211000.0,3,0.157,Asset Finance,LO017,Partner Referral
LN200932,BOR100690,2026-04-23,186000.0,12,0.186,Asset Finance,LO022,Branch
LN200933,BOR100691,2025-05-18,68000.0,12,0.201,Working Capital,LO014,Mobile App
LN200934,BOR100692,2025-04-01,174000.0,9,0.224,Working Capital,LO006,Branch
LN200935,BOR100692,2025-10-04,131000.0,6,0.182,Working Capital,LO012,Mobile App
LN200936,BOR100693,2025-06-15,80000.0,3,0.173,Working Capital,LO017,Branch
LN200937,BOR100694,2025-02-18,178000.0,3,0.158,Asset Finance,LO014,Mobile App
LN200938,BOR100694,2025-08-01,76000.0,12,0.154,Working Capital,LO014,Partner Referral
LN200939,BOR100695,2025-04-16,65000.0,12,0.177,Invoice Discounting,LO002,Mobile App
LN200940,BOR100695,2025-08-23,24000.0,3,0.202,Asset Finance,LO008,Mobile App
LN200941,BOR100696,2025-05-15,20000.0,3,0.148,Asset Finance,LO003,Branch
LN200942,BOR100697,2025-01-08,66000.0,12,0.152,Invoice Discounting,LO001,Mobile App
LN200943,BOR100698,2025-06-24,138000.0,12,0.121,Invoice Discounting,LO007,Partner Referral
LN200944,BOR100698,2026-05-07,156000.0,3,0.217,Asset Finance,LO023,Branch
LN200945,BOR100699,2026-07-07,352000.0,9,0.192,Working Capital,LO005,Mobile App
LN200946,BOR100700,2025-05-12,258000.0,3,0.233,Invoice Discounting,LO010,Mobile App
LN200947,BOR100701,2025-10-17,356000.0,3,0.191,Working Capital,LO008,Branch
LN200948,BOR100702,2026-01-10,24000.0,3,0.208,Working Capital,LO006,Branch
LN200949,BOR100703,2025-03-11,78000.0,3,0.197,Working Capital,LO019,Mobile App
LN200950,BOR100704,2026-04-15,65000.0,6,0.139,Asset Finance,LO024,Partner Referral
LN200951,BOR100705,2025-02-22,487000.0,12,0.198,Working Capital,LO021,Mobile App
LN200952,BOR100706,2025-02-14,354000.0,6,0.201,Working Capital,LO012,Mobile App
LN200953,BOR100707,2026-03-08,282000.0,12,0.191,Working Capital,LO023,Branch
LN200954,BOR100707,2026-07-30,101000.0,12,0.18,Working Capital,LO019,Branch
LN200956,BOR100708,2026-04-20,52000.0,6,0.183,Working Capital,LO015,Branch
LN200957,BOR100709,2025-09-25,23000.0,6,0.148,Working Capital,LO022,Mobile App
LN200958,BOR100710,2025-07-24,181000.0,12,0.154,Asset Finance,LO019,Mobile App
LN200959,BOR100711,2025-02-05,28000.0,3,0.158,Asset Finance,LO020,Partner Referral
LN200960,BOR100712,2025-07-04,45000.0,6,0.135,Working Capital,LO006,Mobile App
LN200961,BOR100713,2025-08-24,43000.0,6,0.224,Asset Finance,LO020,Partner Referral
LN200962,BOR100714,2025-06-14,428000.0,3,0.163,Working Capital,LO022,Branch
LN200963,BOR100714,2026-07-27,444000.0,9,0.208,Invoice Discounting,LO013,Branch
LN200964,BOR100715,2025-09-14,104000.0,12,0.189,Invoice Discounting,LO025,Mobile App
LN200965,BOR100716,2025-11-28,22000.0,6,0.187,Working Capital,LO001,Mobile App
LN200966,BOR100716,2026-07-07,20000.0,6,0.203,Working Capital,LO021,Mobile App
LN200967,BOR100717,2025-05-24,78000.0,12,0.161,Working Capital,LO003,Mobile App
LN200968,BOR100718,2026-02-04,95000.0,9,0.17,Invoice Discounting,LO025,Mobile App
LN200969,BOR100718,2026-07-13,61000.0,6,0.146,Working Capital,LO001,Branch
LN200970,BOR100719,2025-01-27,104000.0,9,0.208,Working Capital,LO009,Mobile App
LN200971,BOR100720,2025-06-30,39000.0,6,0.138,Working Capital,LO025,Mobile App
LN200972,BOR100721,2026-05-02,41000.0,3,0.219,Invoice Discounting,LO013,Mobile App
LN200973,BOR100722,2025-03-18,101000.0,18,0.216,Asset Finance,LO008,Branch
LN200974,BOR100722,2026-05-30,91000.0,6,0.235,Working Capital,LO022,Mobile App
LN200975,BOR100723,2025-02-06,25000.0,9,0.198,Working Capital,LO013,Mobile App
LN200976,BOR100723,2025-10-16,20000.0,6,0.205,Working Capital,LO014,Mobile App
LN200977,BOR100724,2026-03-18,62000.0,9,0.225,Working Capital,LO009,Branch
LN200978,BOR100725,2025-06-09,217000.0,18,0.189,Working Capital,LO018,Mobile App
LN200979,BOR100725,2025-11-21,195000.0,6,0.165,Asset Finance,LO008,Mobile App
LN200980,BOR100726,2025-10-24,69000.0,12,0.234,Working Capital,LO006,Branch
LN200981,BOR100727,2026-03-10,41000.0,18,0.133,Invoice Discounting,LO014,Mobile App
LN200982,BOR100728,2026-01-12,90000.0,12,0.129,Asset Finance,LO018,Mobile App
LN200983,BOR100729,2026-05-28,221000.0,12,0.185,Asset Finance,LO012,Mobile App
LN200984,BOR100730,2025-07-14,68000.0,6,0.152,Invoice Discounting,LO019,Mobile App
LN200985,BOR100730,2026-02-23,119000.0,6,0.185,Asset Finance,LO001,Partner Referral
LN200986,BOR100731,2026-03-27,20000.0,9,0.147,Working Capital,LO010,Mobile App
LN200987,BOR100731,2026-07-27,23000.0,6,0.198,Working Capital,LO016,Partner Referral
LN200989,BOR100732,2026-05-24,214000.0,12,0.168,Working Capital,LO011,Mobile App
LN200991,BOR100733,2025-01-23,20000.0,3,0.223,Working Capital,LO018,Partner Referral
LN200992,BOR100734,2026-04-07,153000.0,3,0.154,Asset Finance,LO020,Partner Referral
LN200993,BOR100735,2025-10-28,27000.0,9,0.123,Working Capital,LO020,Mobile App
LN200994,BOR100735,2026-03-27,86000.0,3,0.184,Working Capital,LO018,Mobile App
LN200995,BOR100736,2026-02-17,65000.0,9,0.156,Working Capital,LO013,Mobile App
LN200996,BOR100737,2026-06-02,118000.0,6,0.19,Working Capital,LO022,Mobile App
LN200997,BOR100738,2026-01-29,57000.0,6,0.188,Invoice Discounting,LO009,Mobile App
LN200998,BOR100739,2026-07-19,86000.0,12,0.129,Working Capital,LO022,Branch
LN200999,BOR100740,2025-10-31,66000.0,3,0.207,Asset Finance,LO016,Mobile App
LN201000,BOR100740,2026-03-27,203000.0,3,0.217,Working Capital,LO023,Mobile App
LN201001,BOR100741,2026-05-02,90000.0,6,0.191,Invoice Discounting,LO017,Mobile App
LN201002,BOR100742,2025-07-20,215000.0,12,0.133,Working Capital,LO024,Mobile App
LN201003,BOR100743,2026-02-11,134000.0,9,0.222,Invoice Discounting,LO021,Mobile App
LN201004,BOR100744,2025-11-11,57000.0,6,0.208,Working Capital,LO005,Branch
LN201005,BOR100745,2025-09-13,81000.0,6,0.217,Invoice Discounting,LO021,Mobile App
LN201006,BOR100745,2026-07-09,54000.0,9,0.212,Asset Finance,LO006,Mobile App
LN201007,BOR100746,2026-06-25,20000.0,12,0.134,Invoice Discounting,LO022,Mobile App
LN201008,BOR100747,2025-05-17,108000.0,9,0.153,Invoice Discounting,LO006,Mobile App
LN201009,BOR100748,2026-03-09,41000.0,12,0.151,Working Capital,LO018,Partner Referral
LN201010,BOR100749,2026-04-01,20000.0,6,0.12,Asset Finance,LO003,Mobile App
LN201011,BOR100750,2025-05-04,38000.0,12,0.16,Asset Finance,LO006,Mobile App
LN201012,BOR100751,2025-12-09,52000.0,6,0.201,Asset Finance,LO006,Partner Referral
LN201013,BOR100752,2025-09-10,362000.0,6,0.201,Invoice Discounting,LO006,Branch
LN201014,BOR100753,2026-03-24,40000.0,6,0.205,Working Capital,LO004,Partner Referral
LN201015,BOR100754,2025-08-07,41000.0,6,0.191,Working Capital,LO019,Mobile App
LN201016,BOR100754,2026-04-26,51000.0,6,0.171,Working Capital,LO019,Branch
LN201018,BOR100755,2026-03-24,257000.0,6,0.137,Asset Finance,LO006,Partner Referral
LN201019,BOR100756,2025-01-14,326000.0,6,0.199,Working Capital,LO011,Branch
LN201020,BOR100756,2026-06-19,236000.0,9,0.197,Working Capital,LO004,Branch
LN201021,BOR100757,2025-10-02,91000.0,6,0.181,Working Capital,LO021,Mobile App
LN201022,BOR100758,2025-07-30,91000.0,18,0.221,Invoice Discounting,LO025,Mobile App
LN201023,BOR100759,2025-04-26,199000.0,3,0.144,Asset Finance,LO016,Mobile App
LN201024,BOR100760,2025-06-02,28000.0,6,0.218,Asset Finance,LO025,Branch
LN201025,BOR100760,2026-05-29,20000.0,3,0.182,Working Capital,LO006,Mobile App
LN201026,BOR100761,2026-03-28,20000.0,3,0.162,Asset Finance,LO017,Partner Referral
LN201027,BOR100762,2026-04-17,131000.0,9,0.131,Asset Finance,LO008,Branch
LN201029,BOR100763,2025-12-09,275000.0,3,0.203,Working Capital,LO012,Mobile App
LN201030,BOR100764,2026-02-09,38000.0,18,0.22,Working Capital,LO023,Partner Referral
LN201032,BOR100765,2026-05-25,96000.0,9,0.239,Asset Finance,LO010,Mobile App
LN201034,BOR100766,2025-08-27,166000.0,3,0.211,Working Capital,LO001,Mobile App
LN201035,BOR100766,2026-06-28,265000.0,9,0.235,Asset Finance,LO016,Mobile App
LN201036,BOR100767,2025-05-04,197000.0,6,0.138,Working Capital,LO015,Partner Referral
LN201037,BOR100768,2025-09-13,43000.0,3,0.165,Asset Finance,LO015,Branch
LN201038,BOR100769,2026-05-23,36000.0,3,0.161,Working Capital,LO017,Mobile App
LN201039,BOR100770,2026-03-19,442000.0,9,0.197,Working Capital,LO002,Mobile App
LN201040,BOR100770,2026-07-06,215000.0,12,0.206,Working Capital,LO025,Branch
LN201041,BOR100771,2025-12-28,34000.0,9,0.161,Asset Finance,LO018,Mobile App
LN201042,BOR100772,2025-04-07,264000.0,9,0.201,Working Capital,LO008,Branch
LN201043,BOR100772,2025-11-05,321000.0,12,0.176,Working Capital,LO013,Partner Referral
LN201044,BOR100773,2025-01-03,32000.0,9,0.126,Asset Finance,LO013,Mobile App
LN201045,BOR100773,2026-04-16,58000.0,12,0.203,Working Capital,LO018,Mobile App
LN201047,BOR100774,2026-06-24,67000.0,3,0.19,Working Capital,LO007,Mobile App
LN201048,BOR100775,2025-12-16,97000.0,18,0.122,Working Capital,LO022,Partner Referral
LN201049,BOR100776,2026-06-24,49000.0,6,0.212,Working Capital,LO016,Branch
LN201051,BOR100777,2025-04-12,41000.0,6,0.227,Working Capital,LO005,Mobile App
LN201052,BOR100778,2025-05-19,125000.0,9,0.234,Working Capital,LO025,Partner Referral
LN201053,BOR100779,2026-07-30,161000.0,9,0.214,Working Capital,LO021,Mobile App
LN201055,BOR100780,2025-05-10,91000.0,3,0.165,Asset Finance,LO016,Branch
LN201056,BOR100781,2025-04-15,147000.0,9,0.191,Asset Finance,LO002,Partner Referral
LN201057,BOR100782,2026-05-28,202000.0,3,0.121,Invoice Discounting,LO010,Mobile App
LN201058,BOR100783,2025-07-15,29000.0,3,0.161,Asset Finance,LO015,Mobile App
LN201059,BOR100784,2026-04-17,157000.0,6,0.154,Working Capital,LO024,Mobile App
LN201060,BOR100785,2025-05-08,199000.0,6,0.227,Invoice Discounting,LO016,Partner Referral
LN201061,BOR100785,2026-07-06,245000.0,18,0.215,Working Capital,LO016,Partner Referral
LN201062,BOR100786,2026-01-21,789000.0,9,0.21,Asset Finance,LO023,Mobile App
LN201063,BOR100787,2025-04-21,108000.0,9,0.215,Asset Finance,LO008,Mobile App
LN201064,BOR100788,2025-12-11,107000.0,9,0.24,Invoice Discounting,LO013,Branch
LN201065,BOR100789,2025-07-27,115000.0,3,0.142,Working Capital,LO010,Mobile App
LN201066,BOR100790,2025-12-31,254000.0,6,0.173,Working Capital,LO009,Partner Referral
LN201067,BOR100791,2025-02-17,36000.0,12,0.212,Asset Finance,LO011,Mobile App
LN201068,BOR100791,2025-11-14,47000.0,3,0.133,Asset Finance,LO005,Branch
LN201069,BOR100792,2026-05-20,49000.0,12,0.233,Working Capital,LO013,Mobile App
LN201070,BOR100793,2026-07-31,99000.0,6,0.226,Working Capital,LO007,Branch
LN201071,BOR100794,2025-12-11,41000.0,3,0.133,Working Capital,LO012,Mobile App
LN201072,BOR100795,2026-06-12,107000.0,6,0.163,Invoice Discounting,LO017,Mobile App
LN201074,BOR100796,2026-04-11,121000.0,12,0.182,Working Capital,LO016,Mobile App
LN201075,BOR100797,2025-07-24,132000.0,6,0.229,Working Capital,LO003,Mobile App
LN201076,BOR100797,2026-06-04,88000.0,12,0.167,Working Capital,LO024,Mobile App
LN201078,BOR100798,2026-08-01,46000.0,3,0.174,Asset Finance,LO016,Mobile App
LN201080,BOR100799,2025-11-05,22000.0,6,0.181,Invoice Discounting,LO016,Mobile App
LN201081,BOR100800,2025-09-05,38000.0,6,0.181,Working Capital,LO020,Branch
LN201082,BOR100801,2026-07-15,63000.0,12,0.126,Working Capital,LO015,Mobile App
LN201084,BOR100802,2026-02-10,50000.0,6,0.181,Working Capital,LO015,Mobile App
LN201085,BOR100803,2025-03-23,73000.0,9,0.229,Invoice Discounting,LO025,Branch
LN201086,BOR100804,2025-08-13,59000.0,9,0.159,Asset Finance,LO006,Mobile App
LN201087,BOR100805,2025-09-10,76000.0,9,0.139,Working Capital,LO013,Mobile App
LN201088,BOR100805,2026-01-16,98000.0,6,0.135,Invoice Discounting,LO014,Mobile App
LN201089,BOR100805,2026-07-28,74000.0,6,0.226,Invoice Discounting,LO005,Branch
LN201090,BOR100806,2026-03-20,57000.0,9,0.149,Working Capital,LO016,Mobile App
LN201091,BOR100807,2025-06-19,37000.0,6,0.224,Working Capital,LO012,Mobile App
LN201092,BOR100808,2025-12-19,283000.0,9,0.197,Working Capital,LO002,Mobile App
LN201093,BOR100809,2026-02-08,143000.0,6,0.208,Working Capital,LO008,Branch
LN201094,BOR100810,2025-04-07,46000.0,9,0.161,Working Capital,LO016,Branch
LN201095,BOR100811,2025-08-15,100000.0,18,0.156,Invoice Discounting,LO004,Mobile App
LN201096,BOR100812,2026-01-19,57000.0,3,0.216,Working Capital,LO006,Branch
LN201098,BOR100813,2025-08-30,106000.0,12,0.197,Invoice Discounting,LO019,Partner Referral
LN201099,BOR100814,2026-07-02,200000.0,6,0.144,Working Capital,LO010,Branch
LN201100,BOR100815,2025-09-16,66000.0,6,0.132,Invoice Discounting,LO023,Partner Referral
LN201101,BOR100816,2025-10-28,118000.0,3,0.141,Invoice Discounting,LO003,Branch
LN201102,BOR100816,2026-02-18,164000.0,6,0.153,Working Capital,LO009,Branch
LN201103,BOR100817,2025-12-21,37000.0,9,0.16,Working Capital,LO011,Partner Referral
LN201104,BOR100817,2026-07-14,33000.0,6,0.232,Working Capital,LO009,Branch
LN201105,BOR100818,2026-07-27,64000.0,3,0.134,Working Capital,LO010,Branch
LN201106,BOR100819,2025-11-27,93000.0,3,0.138,Working Capital,LO003,Mobile App
LN201107,BOR100820,2026-01-02,94000.0,12,0.229,Invoice Discounting,LO019,Branch
LN201108,BOR100821,2025-01-22,196000.0,6,0.216,Working Capital,LO011,Mobile App
LN201109,BOR100822,2026-06-21,49000.0,3,0.161,Working Capital,LO022,Partner Referral
LN201110,BOR100823,2025-08-13,147000.0,9,0.128,Working Capital,LO019,Mobile App
LN201111,BOR100824,2026-02-22,96000.0,9,0.231,Invoice Discounting,LO013,Mobile App
LN201112,BOR100825,2025-06-30,63000.0,9,0.236,Invoice Discounting,LO023,Branch
LN201113,BOR100826,2025-11-17,132000.0,12,0.187,Working Capital,LO006,Branch
LN201114,BOR100827,2025-09-30,56000.0,3,0.211,Working Capital,LO014,Mobile App
LN201115,BOR100828,2025-08-30,136000.0,3,0.212,Asset Finance,LO023,Mobile App
LN201116,BOR100829,2025-12-30,129000.0,9,0.181,Working Capital,LO012,Mobile App
LN201117,BOR100830,2025-01-31,71000.0,3,0.137,Invoice Discounting,LO004,Branch
LN201118,BOR100831,2025-07-16,209000.0,6,0.125,Asset Finance,LO024,Partner Referral
LN201119,BOR100832,2025-11-25,64000.0,3,0.212,Asset Finance,LO007,Partner Referral
LN201120,BOR100832,2026-06-17,39000.0,9,0.195,Asset Finance,LO005,Branch
LN201122,BOR100833,2026-06-20,95000.0,3,0.175,Working Capital,LO002,Partner Referral
LN201124,BOR100834,2025-09-17,82000.0,6,0.199,Working Capital,LO016,Partner Referral
LN201125,BOR100835,2025-07-22,258000.0,6,0.164,Working Capital,LO005,Branch
LN201126,BOR100836,2026-05-03,414000.0,6,0.132,Invoice Discounting,LO019,Mobile App
LN201127,BOR100837,2025-07-29,59000.0,3,0.187,Asset Finance,LO017,Branch
LN201128,BOR100838,2025-06-05,21000.0,3,0.131,Working Capital,LO022,Branch
LN201129,BOR100839,2025-10-25,34000.0,18,0.226,Working Capital,LO015,Mobile App
LN201130,BOR100840,2026-04-08,155000.0,18,0.225,Working Capital,LO021,Mobile App
LN201131,BOR100841,2025-10-18,226000.0,6,0.149,Working Capital,LO023,Partner Referral
LN201132,BOR100842,2026-06-17,136000.0,3,0.239,Working Capital,LO006,Partner Referral
LN201133,BOR100843,2026-06-03,301000.0,3,0.143,Working Capital,LO019,Mobile App
LN201134,BOR100844,2025-03-30,203000.0,3,0.214,Working Capital,LO014,Branch
LN201135,BOR100845,2025-05-28,250000.0,6,0.166,Asset Finance,LO010,Branch
LN201136,BOR100846,2025-04-19,192000.0,6,0.212,Asset Finance,LO005,Mobile App
LN201137,BOR100846,2025-09-11,92000.0,6,0.191,Working Capital,LO010,Branch
LN201138,BOR100847,2025-07-11,368000.0,18,0.183,Working Capital,LO017,Mobile App
LN201139,BOR100847,2026-06-08,388000.0,9,0.23,Asset Finance,LO024,Branch
LN201140,BOR100848,2026-07-03,149000.0,3,0.141,Invoice Discounting,LO023,Mobile App
LN201142,BOR100849,2025-03-07,221000.0,3,0.227,Working Capital,LO001,Partner Referral
